x,y,radius,vth_v,leakage_na,bin,pass
-25,0,25.0,0.49733,8.3518,BIN4_RANDOM,0
-24,-7,25.0,0.48352,9.9508,BIN1_PASS,1
-24,-6,24.739,0.49762,13.9163,BIN1_PASS,1
-24,-5,24.515,0.50399,13.6134,BIN1_PASS,1
-24,-4,24.331,0.51246,11.7384,BIN1_PASS,1
-24,-3,24.187,0.53041,11.7595,BIN1_PASS,1
-24,-2,24.083,0.4872,24.3698,BIN1_PASS,1
-24,-1,24.021,0.50444,12.2673,BIN1_PASS,1
-24,0,24.0,0.48684,5.2639,BIN1_PASS,1
-24,1,24.021,0.51604,10.3322,BIN1_PASS,1
-24,2,24.083,0.59941,11.2813,BIN2_VTH,0
-24,3,24.187,0.48653,20.1655,BIN1_PASS,1
-24,4,24.331,0.47802,7.0027,BIN1_PASS,1
-24,5,24.515,0.48782,7.9527,BIN1_PASS,1
-24,6,24.739,0.51836,15.9933,BIN1_PASS,1
-24,7,25.0,0.51673,10.1109,BIN1_PASS,1
-23,-9,24.698,0.58253,15.0788,BIN2_VTH,0
-23,-8,24.352,0.50924,16.6178,BIN1_PASS,1
-23,-7,24.042,0.49639,10.7115,BIN1_PASS,1
-23,-6,23.77,0.52311,13.1464,BIN1_PASS,1
-23,-5,23.537,0.49905,9.8522,BIN1_PASS,1
-23,-4,23.345,0.50479,5.468,BIN4_RANDOM,0
-23,-3,23.195,0.55855,10.8565,BIN1_PASS,1
-23,-2,23.087,0.51502,10.4344,BIN1_PASS,1
-23,-1,23.022,0.51561,9.7701,BIN1_PASS,1
-23,0,23.0,0.50954,5.2778,BIN1_PASS,1
-23,1,23.022,0.52382,15.1383,BIN1_PASS,1
-23,2,23.087,0.49351,9.3697,BIN1_PASS,1
-23,3,23.195,0.50251,15.4526,BIN1_PASS,1
-23,4,23.345,0.48667,8.7628,BIN1_PASS,1
-23,5,23.537,0.50643,6.0118,BIN1_PASS,1
-23,6,23.77,0.49129,13.3344,BIN1_PASS,1
-23,7,24.042,0.48685,16.7999,BIN4_RANDOM,0
-23,8,24.352,0.51542,15.5955,BIN1_PASS,1
-23,9,24.698,0.49333,12.5524,BIN1_PASS,1
-22,-11,24.597,0.49012,11.0058,BIN1_PASS,1
-22,-10,24.166,0.49236,9.0959,BIN1_PASS,1
-22,-9,23.77,0.58461,13.2955,BIN2_VTH,0
-22,-8,23.409,0.52696,11.8865,BIN1_PASS,1
-22,-7,23.087,0.50818,4.5836,BIN1_PASS,1
-22,-6,22.804,0.62283,11.713,BIN2_VTH,0
-22,-5,22.561,0.49034,7.5825,BIN1_PASS,1
-22,-4,22.361,0.48147,15.577,BIN1_PASS,1
-22,-3,22.204,0.5731,8.6532,BIN1_PASS,1
-22,-2,22.091,0.60699,6.2174,BIN2_VTH,0
-22,-1,22.023,0.56185,5.9216,BIN1_PASS,1
-22,0,22.0,0.50241,10.3568,BIN1_PASS,1
-22,1,22.023,0.48042,16.3438,BIN1_PASS,1
-22,2,22.091,0.5734,7.5451,BIN1_PASS,1
-22,3,22.204,0.58909,8.4813,BIN2_VTH,0
-22,4,22.361,0.50076,11.3192,BIN1_PASS,1
-22,5,22.561,0.49525,9.3006,BIN1_PASS,1
-22,6,22.804,0.48258,8.554,BIN1_PASS,1
-22,7,23.087,0.5217,8.1868,BIN1_PASS,1
-22,8,23.409,0.57323,15.1868,BIN1_PASS,1
-22,9,23.77,0.57811,20.8507,BIN1_PASS,1
-22,10,24.166,0.55924,9.4082,BIN1_PASS,1
-22,11,24.597,0.53046,19.016,BIN1_PASS,1
-21,-13,24.698,0.60204,10.4595,BIN2_VTH,0
-21,-12,24.187,0.46483,5.1097,BIN1_PASS,1
-21,-11,23.707,0.48743,11.994,BIN1_PASS,1
-21,-10,23.259,0.57442,11.9238,BIN1_PASS,1
-21,-9,22.847,0.5421,10.3687,BIN1_PASS,1
-21,-8,22.472,0.50587,8.3363,BIN1_PASS,1
-21,-7,22.136,0.46481,7.6741,BIN1_PASS,1
-21,-6,21.84,0.53598,14.4749,BIN1_PASS,1
-21,-5,21.587,0.52428,10.2279,BIN1_PASS,1
-21,-4,21.378,0.50638,8.7178,BIN1_PASS,1
-21,-3,21.213,0.49242,6.4377,BIN1_PASS,1
-21,-2,21.095,0.59809,12.793,BIN2_VTH,0
-21,-1,21.024,0.48584,6.88,BIN1_PASS,1
-21,0,21.0,0.47739,6.8644,BIN1_PASS,1
-21,1,21.024,0.49875,6.2998,BIN1_PASS,1
-21,2,21.095,0.48581,5.387,BIN1_PASS,1
-21,3,21.213,0.46779,5.8035,BIN1_PASS,1
-21,4,21.378,0.57655,9.7396,BIN1_PASS,1
-21,5,21.587,0.522,6.5086,BIN1_PASS,1
-21,6,21.84,0.55374,7.5672,BIN1_PASS,1
-21,7,22.136,0.50184,5.1338,BIN1_PASS,1
-21,8,22.472,0.47992,7.1767,BIN1_PASS,1
-21,9,22.847,0.52158,8.4715,BIN1_PASS,1
-21,10,23.259,0.51198,10.7357,BIN1_PASS,1
-21,11,23.707,0.50239,11.9954,BIN1_PASS,1
-21,12,24.187,0.50239,11.8828,BIN1_PASS,1
-21,13,24.698,0.55803,11.9526,BIN1_PASS,1
-20,-15,25.0,0.51624,6.328,BIN1_PASS,1
-20,-14,24.413,0.58058,7.0454,BIN2_VTH,0
-20,-13,23.854,0.47746,22.5594,BIN1_PASS,1
-20,-12,23.324,0.50182,11.8025,BIN1_PASS,1
-20,-11,22.825,0.58275,13.445,BIN2_VTH,0
-20,-10,22.361,0.4932,11.4338,BIN1_PASS,1
-20,-9,21.932,0.51236,8.5001,BIN1_PASS,1
-20,-8,21.541,0.49875,11.9849,BIN1_PASS,1
-20,-7,21.19,0.48565,13.1351,BIN1_PASS,1
-20,-6,20.881,0.57132,12.9249,BIN1_PASS,1
-20,-5,20.616,0.59412,6.4595,BIN2_VTH,0
-20,-4,20.396,0.50481,6.0656,BIN1_PASS,1
-20,-3,20.224,0.48903,5.4709,BIN1_PASS,1
-20,-2,20.1,0.49957,8.9017,BIN1_PASS,1
-20,-1,20.025,0.48592,8.1314,BIN1_PASS,1
-20,0,20.0,0.48814,11.4487,BIN1_PASS,1
-20,1,20.025,0.49965,8.4367,BIN1_PASS,1
-20,2,20.1,0.52494,8.6417,BIN1_PASS,1
-20,3,20.224,0.46718,8.5906,BIN1_PASS,1
-20,4,20.396,0.49529,10.1468,BIN1_PASS,1
-20,5,20.616,0.49563,7.8118,BIN1_PASS,1
-20,6,20.881,0.55517,13.6318,BIN1_PASS,1
-20,7,21.19,0.49387,10.9503,BIN1_PASS,1
-20,8,21.541,0.48583,16.1448,BIN1_PASS,1
-20,9,21.932,0.48335,9.4154,BIN1_PASS,1
-20,10,22.361,0.57333,5.5371,BIN1_PASS,1
-20,11,22.825,0.52626,5.8402,BIN1_PASS,1
-20,12,23.324,0.57797,5.8853,BIN1_PASS,1
-20,13,23.854,0.5205,11.2105,BIN1_PASS,1
-20,14,24.413,0.47259,8.0582,BIN1_PASS,1
-20,15,25.0,0.5011,16.3889,BIN1_PASS,1
-19,-16,24.839,0.60459,13.0166,BIN2_VTH,0
-19,-15,24.207,0.50149,6.8952,BIN1_PASS,1
-19,-14,23.601,0.51996,14.2703,BIN1_PASS,1
-19,-13,23.022,0.48573,10.9848,BIN1_PASS,1
-19,-12,22.472,0.60155,8.8771,BIN2_VTH,0
-19,-11,21.954,0.50494,6.6566,BIN1_PASS,1
-19,-10,21.471,0.52681,9.7527,BIN1_PASS,1
-19,-9,21.024,0.48873,7.8919,BIN1_PASS,1
-19,-8,20.616,0.56743,6.5094,BIN1_PASS,1
-19,-7,20.248,0.46899,13.1562,BIN1_PASS,1
-19,-6,19.925,0.50724,8.3986,BIN4_RANDOM,0
-19,-5,19.647,0.47135,10.1971,BIN1_PASS,1
-19,-4,19.416,0.53075,5.0731,BIN1_PASS,1
-19,-3,19.235,0.48563,13.7142,BIN1_PASS,1
-19,-2,19.105,0.48437,11.8156,BIN1_PASS,1
-19,-1,19.026,0.48852,14.6843,BIN1_PASS,1
-19,0,19.0,0.48262,7.0202,BIN1_PASS,1
-19,1,19.026,0.49675,11.8361,BIN1_PASS,1
-19,2,19.105,0.489,6.1304,BIN1_PASS,1
-19,3,19.235,0.48699,5.8265,BIN1_PASS,1
-19,4,19.416,0.481,9.5302,BIN1_PASS,1
-19,5,19.647,0.48343,13.2087,BIN1_PASS,1
-19,6,19.925,0.48193,17.7433,BIN1_PASS,1
-19,7,20.248,0.52566,6.2584,BIN1_PASS,1
-19,8,20.616,0.51991,12.4235,BIN1_PASS,1
-19,9,21.024,0.51893,7.8092,BIN1_PASS,1
-19,10,21.471,0.51594,8.8877,BIN1_PASS,1
-19,11,21.954,0.5085,6.2976,BIN1_PASS,1
-19,12,22.472,0.50681,8.071,BIN1_PASS,1
-19,13,23.022,0.60182,7.7188,BIN2_VTH,0
-19,14,23.601,0.52514,12.7872,BIN1_PASS,1
-19,15,24.207,0.58066,7.2831,BIN2_VTH,0
-19,16,24.839,0.57964,12.49,BIN1_PASS,1
-18,-17,24.759,0.49203,8.6091,BIN1_PASS,1
-18,-16,24.083,0.58063,11.2479,BIN2_VTH,0
-18,-15,23.431,0.60612,13.8002,BIN2_VTH,0
-18,-14,22.804,0.50285,3.505,BIN1_PASS,1
-18,-13,22.204,0.50737,9.0587,BIN1_PASS,1
-18,-12,21.633,0.58693,6.9424,BIN2_VTH,0
-18,-11,21.095,0.56694,10.3243,BIN1_PASS,1
-18,-10,20.591,0.51445,10.5748,BIN1_PASS,1
-18,-9,20.125,0.50213,14.1846,BIN1_PASS,1
-18,-8,19.698,0.51002,6.2824,BIN1_PASS,1
-18,-7,19.313,0.50004,5.6772,BIN1_PASS,1
-18,-6,18.974,0.49795,6.7312,BIN1_PASS,1
-18,-5,18.682,0.47544,5.5917,BIN1_PASS,1
-18,-4,18.439,0.49957,11.8755,BIN1_PASS,1
-18,-3,18.248,0.50565,11.4543,BIN1_PASS,1
-18,-2,18.111,0.47099,7.518,BIN1_PASS,1
-18,-1,18.028,0.46813,9.1205,BIN1_PASS,1
-18,0,18.0,0.48911,7.0584,BIN1_PASS,1
-18,1,18.028,0.49377,8.2552,BIN1_PASS,1
-18,2,18.111,0.5144,14.2329,BIN1_PASS,1
-18,3,18.248,0.49257,5.5479,BIN1_PASS,1
-18,4,18.439,0.51387,15.9464,BIN1_PASS,1
-18,5,18.682,0.52114,8.2627,BIN1_PASS,1
-18,6,18.974,0.49392,16.4031,BIN1_PASS,1
-18,7,19.313,0.514,9.1884,BIN1_PASS,1
-18,8,19.698,0.50077,9.3641,BIN1_PASS,1
-18,9,20.125,0.50574,8.3538,BIN1_PASS,1
-18,10,20.591,0.48996,15.6367,BIN1_PASS,1
-18,11,21.095,0.50548,17.1177,BIN1_PASS,1
-18,12,21.633,0.49841,11.4636,BIN1_PASS,1
-18,13,22.204,0.53955,7.5916,BIN1_PASS,1
-18,14,22.804,0.58462,7.2274,BIN2_VTH,0
-18,15,23.431,0.52672,9.1173,BIN1_PASS,1
-18,16,24.083,0.48822,5.5347,BIN1_PASS,1
-18,17,24.759,0.52101,4.2808,BIN1_PASS,1
-17,-18,24.759,0.51118,12.3921,BIN1_PASS,1
-17,-17,24.042,0.50644,11.6728,BIN1_PASS,1
-17,-16,23.345,0.50291,7.4246,BIN1_PASS,1
-17,-15,22.672,0.48662,12.1817,BIN1_PASS,1
-17,-14,22.023,0.53289,10.4137,BIN1_PASS,1
-17,-13,21.401,0.54626,11.3661,BIN1_PASS,1
-17,-12,20.809,0.50165,11.1316,BIN1_PASS,1
-17,-11,20.248,0.4978,9.0271,BIN1_PASS,1
-17,-10,19.723,0.53499,17.7383,BIN1_PASS,1
-17,-9,19.235,0.49613,7.0311,BIN1_PASS,1
-17,-8,18.788,0.51124,8.7276,BIN1_PASS,1
-17,-7,18.385,0.47333,8.9588,BIN1_PASS,1
-17,-6,18.028,0.50869,7.9071,BIN1_PASS,1
-17,-5,17.72,0.50334,7.6875,BIN1_PASS,1
-17,-4,17.464,0.50025,9.8263,BIN1_PASS,1
-17,-3,17.263,0.53413,10.5377,BIN1_PASS,1
-17,-2,17.117,0.50577,12.3253,BIN1_PASS,1
-17,-1,17.029,0.50511,5.008,BIN1_PASS,1
-17,0,17.0,0.50085,8.7606,BIN1_PASS,1
-17,1,17.029,0.46155,10.3345,BIN1_PASS,1
-17,2,17.117,0.48819,6.6194,BIN1_PASS,1
-17,3,17.263,0.49661,9.802,BIN1_PASS,1
-17,4,17.464,0.49629,5.7281,BIN1_PASS,1
-17,5,17.72,0.49103,8.9294,BIN1_PASS,1
-17,6,18.028,0.50972,7.9632,BIN1_PASS,1
-17,7,18.385,0.51529,7.3232,BIN1_PASS,1
-17,8,18.788,0.5122,9.4325,BIN1_PASS,1
-17,9,19.235,0.50904,6.2145,BIN1_PASS,1
-17,10,19.723,0.49241,9.996,BIN1_PASS,1
-17,11,20.248,0.46503,13.6692,BIN1_PASS,1
-17,12,20.809,0.49776,11.4433,BIN1_PASS,1
-17,13,21.401,0.46023,11.9197,BIN1_PASS,1
-17,14,22.023,0.49705,12.2298,BIN1_PASS,1
-17,15,22.672,0.55226,12.2926,BIN1_PASS,1
-17,16,23.345,0.57509,10.5483,BIN1_PASS,1
-17,17,24.042,0.47012,6.4812,BIN1_PASS,1
-17,18,24.759,0.49371,11.1687,BIN1_PASS,1
-16,-19,24.839,0.52561,8.4246,BIN1_PASS,1
-16,-18,24.083,0.49812,4.9208,BIN1_PASS,1
-16,-17,23.345,0.58131,4.7353,BIN2_VTH,0
-16,-16,22.627,0.46091,11.379,BIN1_PASS,1
-16,-15,21.932,0.45414,8.5762,BIN1_PASS,1
-16,-14,21.26,0.49034,7.3472,BIN1_PASS,1
-16,-13,20.616,0.51426,8.5215,BIN1_PASS,1
-16,-12,20.0,0.51426,4.0317,BIN1_PASS,1
-16,-11,19.416,0.52082,11.187,BIN1_PASS,1
-16,-10,18.868,0.46293,16.2611,BIN1_PASS,1
-16,-9,18.358,0.48124,8.9422,BIN1_PASS,1
-16,-8,17.889,0.47128,4.3683,BIN1_PASS,1
-16,-7,17.464,0.53366,5.699,BIN1_PASS,1
-16,-6,17.088,0.48563,8.1919,BIN1_PASS,1
-16,-5,16.763,0.50339,6.3354,BIN1_PASS,1
-16,-4,16.492,0.49348,8.6355,BIN1_PASS,1
-16,-3,16.279,0.50435,5.7733,BIN1_PASS,1
-16,-2,16.125,0.5029,9.302,BIN1_PASS,1
-16,-1,16.031,0.50079,7.9267,BIN1_PASS,1
-16,0,16.0,0.49862,7.6513,BIN1_PASS,1
-16,1,16.031,0.50927,6.5744,BIN1_PASS,1
-16,2,16.125,0.50663,9.2799,BIN1_PASS,1
-16,3,16.279,0.50222,11.6906,BIN1_PASS,1
-16,4,16.492,0.48886,6.2393,BIN1_PASS,1
-16,5,16.763,0.49381,11.1387,BIN4_RANDOM,0
-16,6,17.088,0.50739,11.1204,BIN1_PASS,1
-16,7,17.464,0.48568,7.1828,BIN1_PASS,1
-16,8,17.889,0.53438,9.578,BIN1_PASS,1
-16,9,18.358,0.48235,7.272,BIN1_PASS,1
-16,10,18.868,0.4933,6.4677,BIN1_PASS,1
-16,11,19.416,0.50323,13.0852,BIN1_PASS,1
-16,12,20.0,0.50557,5.7288,BIN1_PASS,1
-16,13,20.616,0.48188,12.62,BIN1_PASS,1
-16,14,21.26,0.51635,11.2532,BIN1_PASS,1
-16,15,21.932,0.56975,12.9944,BIN1_PASS,1
-16,16,22.627,0.4968,8.867,BIN1_PASS,1
-16,17,23.345,0.47689,12.6407,BIN1_PASS,1
-16,18,24.083,0.47235,11.2459,BIN1_PASS,1
-16,19,24.839,0.50573,9.1674,BIN1_PASS,1
-15,-20,25.0,0.50329,6.1413,BIN1_PASS,1
-15,-19,24.207,0.47951,6.3875,BIN1_PASS,1
-15,-18,23.431,0.50038,9.9162,BIN1_PASS,1
-15,-17,22.672,0.52212,9.2927,BIN1_PASS,1
-15,-16,21.932,0.48852,9.6107,BIN1_PASS,1
-15,-15,21.213,0.47713,4.4682,BIN1_PASS,1
-15,-14,20.518,0.49401,17.8297,BIN1_PASS,1
-15,-13,19.849,0.47869,13.2935,BIN1_PASS,1
-15,-12,19.209,0.49846,9.7263,BIN1_PASS,1
-15,-11,18.601,0.47477,12.4551,BIN1_PASS,1
-15,-10,18.028,0.45558,9.3715,BIN1_PASS,1
-15,-9,17.493,0.47951,9.5447,BIN1_PASS,1
-15,-8,17.0,0.48317,15.8417,BIN1_PASS,1
-15,-7,16.553,0.46246,9.8283,BIN1_PASS,1
-15,-6,16.155,0.51101,14.6628,BIN1_PASS,1
-15,-5,15.811,0.51365,8.3465,BIN1_PASS,1
-15,-4,15.524,0.51156,7.5651,BIN1_PASS,1
-15,-3,15.297,0.48706,12.9383,BIN1_PASS,1
-15,-2,15.133,0.49518,12.5772,BIN1_PASS,1
-15,-1,15.033,0.50462,6.2246,BIN1_PASS,1
-15,0,15.0,0.51598,9.2912,BIN1_PASS,1
-15,1,15.033,0.49869,18.1967,BIN1_PASS,1
-15,2,15.133,0.50979,7.9274,BIN1_PASS,1
-15,3,15.297,0.49331,4.2395,BIN1_PASS,1
-15,4,15.524,0.45457,4.1813,BIN1_PASS,1
-15,5,15.811,0.51549,16.4625,BIN1_PASS,1
-15,6,16.155,0.52414,10.4021,BIN1_PASS,1
-15,7,16.553,0.5206,6.4904,BIN1_PASS,1
-15,8,17.0,0.48821,7.2739,BIN1_PASS,1
-15,9,17.493,0.49006,14.0342,BIN1_PASS,1
-15,10,18.028,0.52879,8.1779,BIN1_PASS,1
-15,11,18.601,0.50053,8.3485,BIN1_PASS,1
-15,12,19.209,0.4855,11.3808,BIN1_PASS,1
-15,13,19.849,0.4892,13.36,BIN1_PASS,1
-15,14,20.518,0.57804,8.4517,BIN1_PASS,1
-15,15,21.213,0.49063,7.5257,BIN1_PASS,1
-15,16,21.932,0.5111,9.8489,BIN1_PASS,1
-15,17,22.672,0.59492,19.0568,BIN2_VTH,0
-15,18,23.431,0.49621,9.5777,BIN1_PASS,1
-15,19,24.207,0.52057,16.209,BIN1_PASS,1
-15,20,25.0,0.49389,4.6063,BIN1_PASS,1
-14,-20,24.413,0.56001,13.5158,BIN1_PASS,1
-14,-19,23.601,0.46669,14.4748,BIN1_PASS,1
-14,-18,22.804,0.51919,14.7584,BIN1_PASS,1
-14,-17,22.023,0.48255,7.3055,BIN1_PASS,1
-14,-16,21.26,0.49393,8.851,BIN1_PASS,1
-14,-15,20.518,0.54911,8.0374,BIN1_PASS,1
-14,-14,19.799,0.50083,13.0267,BIN1_PASS,1
-14,-13,19.105,0.51959,19.6224,BIN1_PASS,1
-14,-12,18.439,0.48727,15.4774,BIN1_PASS,1
-14,-11,17.804,0.51564,13.3848,BIN1_PASS,1
-14,-10,17.205,0.52356,17.1435,BIN1_PASS,1
-14,-9,16.643,0.50227,5.1204,BIN1_PASS,1
-14,-8,16.125,0.4971,8.5296,BIN1_PASS,1
-14,-7,15.652,0.52179,10.0823,BIN1_PASS,1
-14,-6,15.232,0.50018,6.855,BIN1_PASS,1
-14,-5,14.866,0.48405,9.3192,BIN1_PASS,1
-14,-4,14.56,0.50742,10.9864,BIN1_PASS,1
-14,-3,14.318,0.4801,6.4811,BIN1_PASS,1
-14,-2,14.142,0.50209,8.6115,BIN1_PASS,1
-14,-1,14.036,0.5459,10.2452,BIN1_PASS,1
-14,0,14.0,0.54284,9.6216,BIN1_PASS,1
-14,1,14.036,0.50346,5.2354,BIN1_PASS,1
-14,2,14.142,0.47714,15.0419,BIN1_PASS,1
-14,3,14.318,0.48602,7.5435,BIN1_PASS,1
-14,4,14.56,0.47925,5.2878,BIN1_PASS,1
-14,5,14.866,0.49265,7.8082,BIN1_PASS,1
-14,6,15.232,0.53129,7.7783,BIN1_PASS,1
-14,7,15.652,0.46906,12.5338,BIN1_PASS,1
-14,8,16.125,0.52253,8.5424,BIN1_PASS,1
-14,9,16.643,0.5081,8.2904,BIN1_PASS,1
-14,10,17.205,0.50384,10.9778,BIN1_PASS,1
-14,11,17.804,0.47507,12.0392,BIN1_PASS,1
-14,12,18.439,0.50146,7.6554,BIN1_PASS,1
-14,13,19.105,0.50547,13.137,BIN1_PASS,1
-14,14,19.799,0.47561,8.0113,BIN1_PASS,1
-14,15,20.518,0.53513,5.5945,BIN1_PASS,1
-14,16,21.26,0.49472,6.5768,BIN1_PASS,1
-14,17,22.023,0.56166,10.3563,BIN4_RANDOM,0
-14,18,22.804,0.606,8.5605,BIN2_VTH,0
-14,19,23.601,0.5283,10.6491,BIN1_PASS,1
-14,20,24.413,0.50341,19.8819,BIN1_PASS,1
-13,-21,24.698,0.50213,8.907,BIN1_PASS,1
-13,-20,23.854,0.57263,22.1929,BIN1_PASS,1
-13,-19,23.022,0.49164,7.6646,BIN1_PASS,1
-13,-18,22.204,0.5189,8.716,BIN1_PASS,1
-13,-17,21.401,0.59463,13.8406,BIN2_VTH,0
-13,-16,20.616,0.52194,12.0914,BIN1_PASS,1
-13,-15,19.849,0.50287,8.6598,BIN1_PASS,1
-13,-14,19.105,0.5014,5.519,BIN1_PASS,1
-13,-13,18.385,0.51561,10.4722,BIN1_PASS,1
-13,-12,17.692,0.4826,6.5668,BIN1_PASS,1
-13,-11,17.029,0.50965,7.5265,BIN1_PASS,1
-13,-10,16.401,0.46322,9.2247,BIN1_PASS,1
-13,-9,15.811,0.48556,17.5182,BIN1_PASS,1
-13,-8,15.264,0.47816,9.7644,BIN1_PASS,1
-13,-7,14.765,0.50186,12.2225,BIN1_PASS,1
-13,-6,14.318,0.47875,23.2796,BIN1_PASS,1
-13,-5,13.928,0.50539,12.7208,BIN1_PASS,1
-13,-4,13.601,0.51402,3.772,BIN1_PASS,1
-13,-3,13.342,0.48256,7.924,BIN1_PASS,1
-13,-2,13.153,0.52805,7.4697,BIN1_PASS,1
-13,-1,13.038,0.48536,9.2729,BIN1_PASS,1
-13,0,13.0,0.49963,10.2639,BIN1_PASS,1
-13,1,13.038,0.4991,8.0862,BIN1_PASS,1
-13,2,13.153,0.50718,10.9802,BIN1_PASS,1
-13,3,13.342,0.48062,8.1512,BIN1_PASS,1
-13,4,13.601,0.49696,6.7912,BIN1_PASS,1
-13,5,13.928,0.498,9.2288,BIN1_PASS,1
-13,6,14.318,0.47742,6.5343,BIN1_PASS,1
-13,7,14.765,0.49361,13.7571,BIN1_PASS,1
-13,8,15.264,0.53017,13.6128,BIN1_PASS,1
-13,9,15.811,0.46247,7.5102,BIN1_PASS,1
-13,10,16.401,0.49561,8.0724,BIN1_PASS,1
-13,11,17.029,0.52407,9.3158,BIN1_PASS,1
-13,12,17.692,0.52373,10.1692,BIN1_PASS,1
-13,13,18.385,0.51239,8.9351,BIN1_PASS,1
-13,14,19.105,0.49191,10.8857,BIN1_PASS,1
-13,15,19.849,0.51713,6.9902,BIN1_PASS,1
-13,16,20.616,0.58801,9.484,BIN2_VTH,0
-13,17,21.401,0.53657,10.9167,BIN1_PASS,1
-13,18,22.204,0.51589,9.6223,BIN1_PASS,1
-13,19,23.022,0.49279,7.8172,BIN1_PASS,1
-13,20,23.854,0.49093,17.0493,BIN1_PASS,1
-13,21,24.698,0.51947,7.0444,BIN1_PASS,1
-12,-21,24.187,0.46882,10.8522,BIN1_PASS,1
-12,-20,23.324,0.60601,13.1241,BIN2_VTH,0
-12,-19,22.472,0.49168,8.3441,BIN1_PASS,1
-12,-18,21.633,0.5049,8.6751,BIN1_PASS,1
-12,-17,20.809,0.51332,7.0673,BIN1_PASS,1
-12,-16,20.0,0.50429,12.9211,BIN1_PASS,1
-12,-15,19.209,0.52627,7.4708,BIN1_PASS,1
-12,-14,18.439,0.50542,6.9009,BIN1_PASS,1
-12,-13,17.692,0.50788,7.5082,BIN1_PASS,1
-12,-12,16.971,0.49251,9.1398,BIN1_PASS,1
-12,-11,16.279,0.48265,15.873,BIN1_PASS,1
-12,-10,15.62,0.49706,7.4533,BIN1_PASS,1
-12,-9,15.0,0.51253,8.7484,BIN1_PASS,1
-12,-8,14.422,0.47712,7.1677,BIN1_PASS,1
-12,-7,13.892,0.51183,9.9451,BIN1_PASS,1
-12,-6,13.416,0.51528,5.9403,BIN1_PASS,1
-12,-5,13.0,0.50776,13.2716,BIN1_PASS,1
-12,-4,12.649,0.5233,9.2132,BIN1_PASS,1
-12,-3,12.369,0.49927,8.439,BIN1_PASS,1
-12,-2,12.166,0.49817,8.3193,BIN1_PASS,1
-12,-1,12.042,0.48854,13.7762,BIN1_PASS,1
-12,0,12.0,0.50208,4.4576,BIN1_PASS,1
-12,1,12.042,0.48763,10.7815,BIN1_PASS,1
-12,2,12.166,0.47778,10.6586,BIN1_PASS,1
-12,3,12.369,0.49839,9.8372,BIN1_PASS,1
-12,4,12.649,0.49359,9.5843,BIN1_PASS,1
-12,5,13.0,0.5111,8.7417,BIN1_PASS,1
-12,6,13.416,0.54479,7.9174,BIN1_PASS,1
-12,7,13.892,0.49611,12.5906,BIN1_PASS,1
-12,8,14.422,0.51172,9.1942,BIN1_PASS,1
-12,9,15.0,0.50446,7.5839,BIN1_PASS,1
-12,10,15.62,0.47758,13.109,BIN1_PASS,1
-12,11,16.279,0.51183,15.3935,BIN1_PASS,1
-12,12,16.971,0.48555,10.7327,BIN1_PASS,1
-12,13,17.692,0.51328,6.5849,BIN1_PASS,1
-12,14,18.439,0.51926,9.6661,BIN1_PASS,1
-12,15,19.209,0.49676,7.0298,BIN1_PASS,1
-12,16,20.0,0.50215,11.9839,BIN1_PASS,1
-12,17,20.809,0.49041,13.7846,BIN1_PASS,1
-12,18,21.633,0.57276,7.8412,BIN1_PASS,1
-12,19,22.472,0.48398,9.7391,BIN1_PASS,1
-12,20,23.324,0.52528,14.9817,BIN1_PASS,1
-12,21,24.187,0.4968,9.6108,BIN1_PASS,1
-11,-22,24.597,0.51067,15.3435,BIN1_PASS,1
-11,-21,23.707,0.48402,12.9775,BIN1_PASS,1
-11,-20,22.825,0.49592,16.6306,BIN1_PASS,1
-11,-19,21.954,0.5403,12.3331,BIN1_PASS,1
-11,-18,21.095,0.49455,9.5181,BIN1_PASS,1
-11,-17,20.248,0.51654,7.0473,BIN1_PASS,1
-11,-16,19.416,0.49914,12.1226,BIN1_PASS,1
-11,-15,18.601,0.49403,3.7698,BIN1_PASS,1
-11,-14,17.804,0.49962,11.0176,BIN1_PASS,1
-11,-13,17.029,0.49743,9.5636,BIN1_PASS,1
-11,-12,16.279,0.51461,10.6961,BIN1_PASS,1
-11,-11,15.556,0.52923,8.0006,BIN1_PASS,1
-11,-10,14.866,0.48988,7.3205,BIN1_PASS,1
-11,-9,14.213,0.50931,7.1369,BIN1_PASS,1
-11,-8,13.601,0.51396,6.6808,BIN1_PASS,1
-11,-7,13.038,0.49732,3.0992,BIN1_PASS,1
-11,-6,12.53,0.49316,10.0672,BIN1_PASS,1
-11,-5,12.083,0.53071,7.206,BIN1_PASS,1
-11,-4,11.705,0.49003,10.243,BIN1_PASS,1
-11,-3,11.402,0.46594,12.2683,BIN1_PASS,1
-11,-2,11.18,0.49546,9.2188,BIN1_PASS,1
-11,-1,11.045,0.49911,10.7804,BIN1_PASS,1
-11,0,11.0,0.51696,18.9182,BIN1_PASS,1
-11,1,11.045,0.50274,8.4914,BIN1_PASS,1
-11,2,11.18,0.49181,8.641,BIN1_PASS,1
-11,3,11.402,0.4924,14.5722,BIN1_PASS,1
-11,4,11.705,0.49223,8.3376,BIN1_PASS,1
-11,5,12.083,0.4812,7.9592,BIN1_PASS,1
-11,6,12.53,0.4956,20.2026,BIN1_PASS,1
-11,7,13.038,0.47455,11.4664,BIN1_PASS,1
-11,8,13.601,0.50515,4.2269,BIN1_PASS,1
-11,9,14.213,0.51689,8.818,BIN1_PASS,1
-11,10,14.866,0.48457,5.2813,BIN1_PASS,1
-11,11,15.556,0.48683,20.489,BIN1_PASS,1
-11,12,16.279,0.52614,12.3245,BIN1_PASS,1
-11,13,17.029,0.50283,7.4421,BIN1_PASS,1
-11,14,17.804,0.48415,12.3319,BIN1_PASS,1
-11,15,18.601,0.52377,9.1042,BIN1_PASS,1
-11,16,19.416,0.48426,10.8647,BIN1_PASS,1
-11,17,20.248,0.50432,7.8702,BIN1_PASS,1
-11,18,21.095,0.50089,7.2598,BIN1_PASS,1
-11,19,21.954,0.5059,5.6307,BIN1_PASS,1
-11,20,22.825,0.49487,4.1065,BIN1_PASS,1
-11,21,23.707,0.58279,8.902,BIN2_VTH,0
-11,22,24.597,0.50412,10.9483,BIN1_PASS,1
-10,-22,24.166,0.53762,13.2156,BIN1_PASS,1
-10,-21,23.259,0.49756,4.3968,BIN1_PASS,1
-10,-20,22.361,0.56139,16.5465,BIN1_PASS,1
-10,-19,21.471,0.55424,11.2601,BIN1_PASS,1
-10,-18,20.591,0.50593,7.5454,BIN4_RANDOM,0
-10,-17,19.723,0.46978,10.507,BIN1_PASS,1
-10,-16,18.868,0.50478,12.3339,BIN1_PASS,1
-10,-15,18.028,0.5108,5.5554,BIN1_PASS,1
-10,-14,17.205,0.51025,10.3747,BIN1_PASS,1
-10,-13,16.401,0.50782,13.951,BIN1_PASS,1
-10,-12,15.62,0.51431,9.6778,BIN1_PASS,1
-10,-11,14.866,0.50916,7.6598,BIN1_PASS,1
-10,-10,14.142,0.51038,6.7781,BIN1_PASS,1
-10,-9,13.454,0.50779,14.6914,BIN1_PASS,1
-10,-8,12.806,0.49837,8.6307,BIN1_PASS,1
-10,-7,12.207,0.49355,10.0043,BIN1_PASS,1
-10,-6,11.662,0.50622,7.4613,BIN1_PASS,1
-10,-5,11.18,0.49602,8.0487,BIN1_PASS,1
-10,-4,10.77,0.48393,8.9097,BIN1_PASS,1
-10,-3,10.44,0.49385,7.1521,BIN1_PASS,1
-10,-2,10.198,0.49968,13.3536,BIN1_PASS,1
-10,-1,10.05,0.47416,11.1064,BIN1_PASS,1
-10,0,10.0,0.47962,7.8709,BIN1_PASS,1
-10,1,10.05,0.50541,10.1699,BIN1_PASS,1
-10,2,10.198,0.49132,6.734,BIN1_PASS,1
-10,3,10.44,0.4993,5.701,BIN1_PASS,1
-10,4,10.77,0.46128,6.8838,BIN1_PASS,1
-10,5,11.18,0.47771,6.5396,BIN1_PASS,1
-10,6,11.662,0.5085,6.8676,BIN1_PASS,1
-10,7,12.207,0.48649,9.6739,BIN1_PASS,1
-10,8,12.806,0.5017,5.9227,BIN1_PASS,1
-10,9,13.454,0.48425,12.4136,BIN1_PASS,1
-10,10,14.142,0.48525,8.7335,BIN1_PASS,1
-10,11,14.866,0.53583,10.7535,BIN1_PASS,1
-10,12,15.62,0.47403,11.3941,BIN1_PASS,1
-10,13,16.401,0.5129,10.3215,BIN1_PASS,1
-10,14,17.205,0.5135,5.4873,BIN1_PASS,1
-10,15,18.028,0.50877,9.9341,BIN1_PASS,1
-10,16,18.868,0.51242,6.9163,BIN1_PASS,1
-10,17,19.723,0.51286,19.4866,BIN1_PASS,1
-10,18,20.591,0.50859,10.9633,BIN1_PASS,1
-10,19,21.471,0.55684,10.4177,BIN1_PASS,1
-10,20,22.361,0.47262,13.6226,BIN1_PASS,1
-10,21,23.259,0.49264,12.1391,BIN1_PASS,1
-10,22,24.166,0.52731,10.7059,BIN1_PASS,1
-9,-23,24.698,0.53394,9.9544,BIN1_PASS,1
-9,-22,23.77,0.52184,17.0566,BIN1_PASS,1
-9,-21,22.847,0.56922,16.4361,BIN1_PASS,1
-9,-20,21.932,0.59126,12.8234,BIN2_VTH,0
-9,-19,21.024,0.52645,6.5154,BIN1_PASS,1
-9,-18,20.125,0.47354,6.2519,BIN1_PASS,1
-9,-17,19.235,0.48868,8.0541,BIN1_PASS,1
-9,-16,18.358,0.50369,11.3211,BIN1_PASS,1
-9,-15,17.493,0.50084,7.3159,BIN1_PASS,1
-9,-14,16.643,0.51217,10.0908,BIN1_PASS,1
-9,-13,15.811,0.4984,10.801,BIN1_PASS,1
-9,-12,15.0,0.498,8.7668,BIN1_PASS,1
-9,-11,14.213,0.49849,8.0516,BIN1_PASS,1
-9,-10,13.454,0.50747,9.9782,BIN1_PASS,1
-9,-9,12.728,0.50013,9.2915,BIN1_PASS,1
-9,-8,12.042,0.49303,8.5695,BIN1_PASS,1
-9,-7,11.402,0.48666,6.8005,BIN1_PASS,1
-9,-6,10.817,0.5406,15.751,BIN1_PASS,1
-9,-5,10.296,0.53189,8.1302,BIN1_PASS,1
-9,-4,9.849,0.49875,5.3035,BIN1_PASS,1
-9,-3,9.487,0.49534,9.4143,BIN1_PASS,1
-9,-2,9.22,0.46016,10.3694,BIN1_PASS,1
-9,-1,9.055,0.50425,14.377,BIN1_PASS,1
-9,0,9.0,0.50863,10.5717,BIN1_PASS,1
-9,1,9.055,0.48776,11.8602,BIN1_PASS,1
-9,2,9.22,0.48824,7.3845,BIN1_PASS,1
-9,3,9.487,0.49757,6.3679,BIN1_PASS,1
-9,4,9.849,0.49745,7.0553,BIN1_PASS,1
-9,5,10.296,0.50139,5.9391,BIN1_PASS,1
-9,6,10.817,0.47895,8.956,BIN1_PASS,1
-9,7,11.402,0.49452,13.2358,BIN1_PASS,1
-9,8,12.042,0.52365,3.7009,BIN1_PASS,1
-9,9,12.728,0.48194,5.9386,BIN1_PASS,1
-9,10,13.454,0.55701,13.6012,BIN1_PASS,1
-9,11,14.213,0.49542,9.2547,BIN1_PASS,1
-9,12,15.0,0.4792,6.6626,BIN1_PASS,1
-9,13,15.811,0.49515,4.3581,BIN1_PASS,1
-9,14,16.643,0.47821,7.3735,BIN1_PASS,1
-9,15,17.493,0.53188,15.8589,BIN1_PASS,1
-9,16,18.358,0.49779,6.194,BIN1_PASS,1
-9,17,19.235,0.51235,5.1507,BIN1_PASS,1
-9,18,20.125,0.48564,11.6466,BIN1_PASS,1
-9,19,21.024,0.49752,11.9292,BIN1_PASS,1
-9,20,21.932,0.5056,13.6511,BIN1_PASS,1
-9,21,22.847,0.493,9.5919,BIN1_PASS,1
-9,22,23.77,0.58801,19.2836,BIN2_VTH,0
-9,23,24.698,0.51188,10.024,BIN1_PASS,1
-8,-23,24.352,0.51505,4.9754,BIN1_PASS,1
-8,-22,23.409,0.50956,17.1167,BIN1_PASS,1
-8,-21,22.472,0.48308,6.8782,BIN1_PASS,1
-8,-20,21.541,0.47343,6.6823,BIN1_PASS,1
-8,-19,20.616,0.47402,13.9695,BIN1_PASS,1
-8,-18,19.698,0.51163,12.205,BIN1_PASS,1
-8,-17,18.788,0.54527,15.3516,BIN1_PASS,1
-8,-16,17.889,0.5052,12.0939,BIN1_PASS,1
-8,-15,17.0,0.49879,5.5567,BIN1_PASS,1
-8,-14,16.125,0.51505,11.1339,BIN1_PASS,1
-8,-13,15.264,0.48193,9.5424,BIN1_PASS,1
-8,-12,14.422,0.49663,8.7953,BIN1_PASS,1
-8,-11,13.601,0.466,10.4504,BIN1_PASS,1
-8,-10,12.806,0.4683,4.8377,BIN1_PASS,1
-8,-9,12.042,0.50668,13.6777,BIN1_PASS,1
-8,-8,11.314,0.50381,13.8765,BIN1_PASS,1
-8,-7,10.63,0.48791,5.9718,BIN1_PASS,1
-8,-6,10.0,0.49139,6.2474,BIN1_PASS,1
-8,-5,9.434,0.48786,16.5319,BIN1_PASS,1
-8,-4,8.944,0.49993,12.0206,BIN1_PASS,1
-8,-3,8.544,0.50318,13.0271,BIN1_PASS,1
-8,-2,8.246,0.4787,6.4886,BIN1_PASS,1
-8,-1,8.062,0.50038,6.1453,BIN1_PASS,1
-8,0,8.0,0.51996,6.6666,BIN1_PASS,1
-8,1,8.062,0.49425,8.5174,BIN1_PASS,1
-8,2,8.246,0.51241,10.2267,BIN1_PASS,1
-8,3,8.544,0.47951,13.4725,BIN1_PASS,1
-8,4,8.944,0.49125,13.1341,BIN1_PASS,1
-8,5,9.434,0.51281,15.3344,BIN1_PASS,1
-8,6,10.0,0.47867,8.1687,BIN1_PASS,1
-8,7,10.63,0.49401,7.6296,BIN1_PASS,1
-8,8,11.314,0.51302,12.6543,BIN1_PASS,1
-8,9,12.042,0.49076,5.5981,BIN1_PASS,1
-8,10,12.806,0.50465,9.1838,BIN4_RANDOM,0
-8,11,13.601,0.48788,8.8635,BIN1_PASS,1
-8,12,14.422,0.49976,9.0721,BIN1_PASS,1
-8,13,15.264,0.48746,13.6242,BIN1_PASS,1
-8,14,16.125,0.48624,8.7159,BIN1_PASS,1
-8,15,17.0,0.49317,15.7973,BIN1_PASS,1
-8,16,17.889,0.4706,8.4216,BIN1_PASS,1
-8,17,18.788,0.50448,9.8793,BIN1_PASS,1
-8,18,19.698,0.49671,7.0629,BIN1_PASS,1
-8,19,20.616,0.50663,12.6158,BIN1_PASS,1
-8,20,21.541,0.49267,8.2465,BIN1_PASS,1
-8,21,22.472,0.54479,13.7879,BIN1_PASS,1
-8,22,23.409,0.49417,6.6769,BIN1_PASS,1
-8,23,24.352,0.49775,10.0085,BIN1_PASS,1
-7,-24,25.0,0.52809,6.5985,BIN1_PASS,1
-7,-23,24.042,0.50171,8.2677,BIN1_PASS,1
-7,-22,23.087,0.50388,9.4074,BIN1_PASS,1
-7,-21,22.136,0.4946,9.3986,BIN1_PASS,1
-7,-20,21.19,0.56626,8.5692,BIN1_PASS,1
-7,-19,20.248,0.49304,11.4979,BIN1_PASS,1
-7,-18,19.313,0.49744,15.7796,BIN1_PASS,1
-7,-17,18.385,0.5162,7.0328,BIN1_PASS,1
-7,-16,17.464,0.49591,8.4797,BIN1_PASS,1
-7,-15,16.553,0.49543,8.8837,BIN1_PASS,1
-7,-14,15.652,0.50187,6.3092,BIN1_PASS,1
-7,-13,14.765,0.50914,12.5857,BIN1_PASS,1
-7,-12,13.892,0.51713,5.7989,BIN1_PASS,1
-7,-11,13.038,0.52617,17.5302,BIN1_PASS,1
-7,-10,12.207,0.50745,6.9626,BIN1_PASS,1
-7,-9,11.402,0.48432,15.8964,BIN1_PASS,1
-7,-8,10.63,0.49825,10.0583,BIN1_PASS,1
-7,-7,9.899,0.51388,14.2282,BIN1_PASS,1
-7,-6,9.22,0.48842,7.864,BIN1_PASS,1
-7,-5,8.602,0.51401,3.4489,BIN1_PASS,1
-7,-4,8.062,0.48712,10.2472,BIN1_PASS,1
-7,-3,7.616,0.5334,14.7214,BIN1_PASS,1
-7,-2,7.28,0.48961,7.5399,BIN1_PASS,1
-7,-1,7.071,0.4839,5.5103,BIN1_PASS,1
-7,0,7.0,0.48829,8.2645,BIN1_PASS,1
-7,1,7.071,0.49652,8.7213,BIN1_PASS,1
-7,2,7.28,0.53199,26.9989,BIN1_PASS,1
-7,3,7.616,0.50528,11.9904,BIN1_PASS,1
-7,4,8.062,0.49088,11.2469,BIN1_PASS,1
-7,5,8.602,0.49669,11.4438,BIN1_PASS,1
-7,6,9.22,0.48085,9.3602,BIN1_PASS,1
-7,7,9.899,0.5278,11.8161,BIN1_PASS,1
-7,8,10.63,0.50402,6.7321,BIN1_PASS,1
-7,9,11.402,0.49891,9.6169,BIN1_PASS,1
-7,10,12.207,0.51178,9.1375,BIN1_PASS,1
-7,11,13.038,0.50904,10.7009,BIN1_PASS,1
-7,12,13.892,0.49088,7.4477,BIN1_PASS,1
-7,13,14.765,0.5332,8.2746,BIN1_PASS,1
-7,14,15.652,0.49876,10.1558,BIN1_PASS,1
-7,15,16.553,0.45461,7.0764,BIN1_PASS,1
-7,16,17.464,0.49021,9.2975,BIN1_PASS,1
-7,17,18.385,0.50184,8.1052,BIN1_PASS,1
-7,18,19.313,0.49034,15.1312,BIN1_PASS,1
-7,19,20.248,0.52094,14.1641,BIN1_PASS,1
-7,20,21.19,0.59039,12.2453,BIN2_VTH,0
-7,21,22.136,0.61055,11.3499,BIN2_VTH,0
-7,22,23.087,0.47935,4.5364,BIN1_PASS,1
-7,23,24.042,0.49371,7.9294,BIN1_PASS,1
-7,24,25.0,0.59151,7.798,BIN2_VTH,0
-6,-24,24.739,0.47729,7.7402,BIN1_PASS,1
-6,-23,23.77,0.50011,13.4822,BIN1_PASS,1
-6,-22,22.804,0.49829,6.2764,BIN1_PASS,1
-6,-21,21.84,0.49234,8.0447,BIN1_PASS,1
-6,-20,20.881,0.4911,8.5614,BIN1_PASS,1
-6,-19,19.925,0.49312,8.583,BIN1_PASS,1
-6,-18,18.974,0.51563,17.0862,BIN1_PASS,1
-6,-17,18.028,0.47032,11.0515,BIN1_PASS,1
-6,-16,17.088,0.50815,12.102,BIN1_PASS,1
-6,-15,16.155,0.4604,8.8115,BIN1_PASS,1
-6,-14,15.232,0.50782,11.6506,BIN1_PASS,1
-6,-13,14.318,0.47522,9.2508,BIN1_PASS,1
-6,-12,13.416,0.51724,6.5903,BIN1_PASS,1
-6,-11,12.53,0.50596,9.7179,BIN1_PASS,1
-6,-10,11.662,0.50171,8.5321,BIN1_PASS,1
-6,-9,10.817,0.52745,6.3506,BIN1_PASS,1
-6,-8,10.0,0.49514,14.9439,BIN1_PASS,1
-6,-7,9.22,0.49635,10.9244,BIN1_PASS,1
-6,-6,8.485,0.51401,7.8069,BIN1_PASS,1
-6,-5,7.81,0.4982,12.8481,BIN1_PASS,1
-6,-4,7.211,0.49506,7.8772,BIN1_PASS,1
-6,-3,6.708,0.4929,9.2216,BIN1_PASS,1
-6,-2,6.325,0.49026,12.94,BIN1_PASS,1
-6,-1,6.083,0.48896,14.755,BIN1_PASS,1
-6,0,6.0,0.49112,8.1511,BIN1_PASS,1
-6,1,6.083,0.50065,7.6039,BIN1_PASS,1
-6,2,6.325,0.50746,10.8537,BIN1_PASS,1
-6,3,6.708,0.50465,18.6901,BIN1_PASS,1
-6,4,7.211,0.46693,8.4048,BIN1_PASS,1
-6,5,7.81,0.48882,8.9503,BIN1_PASS,1
-6,6,8.485,0.48592,16.4364,BIN1_PASS,1
-6,7,9.22,0.4959,9.5301,BIN1_PASS,1
-6,8,10.0,0.49651,9.5686,BIN1_PASS,1
-6,9,10.817,0.5,4.2378,BIN1_PASS,1
-6,10,11.662,0.48746,9.9033,BIN1_PASS,1
-6,11,12.53,0.47468,10.9592,BIN1_PASS,1
-6,12,13.416,0.48308,9.8976,BIN1_PASS,1
-6,13,14.318,0.51771,5.307,BIN1_PASS,1
-6,14,15.232,0.47466,6.6825,BIN1_PASS,1
-6,15,16.155,0.50542,12.2546,BIN1_PASS,1
-6,16,17.088,0.48504,7.1549,BIN1_PASS,1
-6,17,18.028,0.51302,12.3008,BIN1_PASS,1
-6,18,18.974,0.4912,14.3403,BIN1_PASS,1
-6,19,19.925,0.47747,9.16,BIN1_PASS,1
-6,20,20.881,0.4801,12.1447,BIN1_PASS,1
-6,21,21.84,0.51695,6.1281,BIN1_PASS,1
-6,22,22.804,0.51303,6.6152,BIN1_PASS,1
-6,23,23.77,0.4901,10.4798,BIN1_PASS,1
-6,24,24.739,0.58939,13.8643,BIN2_VTH,0
-5,-24,24.515,0.56169,10.9686,BIN1_PASS,1
-5,-23,23.537,0.50387,4.8776,BIN1_PASS,1
-5,-22,22.561,0.51486,12.7596,BIN1_PASS,1
-5,-21,21.587,0.55269,10.0425,BIN1_PASS,1
-5,-20,20.616,0.47991,12.7306,BIN1_PASS,1
-5,-19,19.647,0.48808,5.8671,BIN1_PASS,1
-5,-18,18.682,0.49303,9.8972,BIN1_PASS,1
-5,-17,17.72,0.48631,6.1469,BIN1_PASS,1
-5,-16,16.763,0.50497,9.5048,BIN1_PASS,1
-5,-15,15.811,0.45864,14.2778,BIN1_PASS,1
-5,-14,14.866,0.5047,5.7205,BIN1_PASS,1
-5,-13,13.928,0.55483,4.0218,BIN1_PASS,1
-5,-12,13.0,0.51915,9.9237,BIN1_PASS,1
-5,-11,12.083,0.49103,8.4377,BIN1_PASS,1
-5,-10,11.18,0.50769,12.1418,BIN1_PASS,1
-5,-9,10.296,0.48785,14.7263,BIN1_PASS,1
-5,-8,9.434,0.51501,8.5447,BIN1_PASS,1
-5,-7,8.602,0.49375,8.2305,BIN1_PASS,1
-5,-6,7.81,0.49653,12.1334,BIN1_PASS,1
-5,-5,7.071,0.48933,7.3456,BIN1_PASS,1
-5,-4,6.403,0.48807,7.8673,BIN1_PASS,1
-5,-3,5.831,0.49449,8.1639,BIN1_PASS,1
-5,-2,5.385,0.49745,5.1084,BIN1_PASS,1
-5,-1,5.099,0.49915,7.349,BIN1_PASS,1
-5,0,5.0,0.52953,10.1185,BIN1_PASS,1
-5,1,5.099,0.48991,9.4745,BIN1_PASS,1
-5,2,5.385,0.52224,12.9342,BIN1_PASS,1
-5,3,5.831,0.49302,12.2532,BIN1_PASS,1
-5,4,6.403,0.50576,9.4995,BIN1_PASS,1
-5,5,7.071,0.50096,10.7644,BIN1_PASS,1
-5,6,7.81,0.50342,7.3828,BIN1_PASS,1
-5,7,8.602,0.50344,10.4145,BIN1_PASS,1
-5,8,9.434,0.48359,10.5366,BIN1_PASS,1
-5,9,10.296,0.51572,8.8204,BIN1_PASS,1
-5,10,11.18,0.52811,7.9077,BIN1_PASS,1
-5,11,12.083,0.50244,13.0381,BIN1_PASS,1
-5,12,13.0,0.48922,5.9183,BIN1_PASS,1
-5,13,13.928,0.48117,7.9688,BIN1_PASS,1
-5,14,14.866,0.47072,9.5269,BIN1_PASS,1
-5,15,15.811,0.48941,8.8052,BIN1_PASS,1
-5,16,16.763,0.49088,13.9793,BIN1_PASS,1
-5,17,17.72,0.4912,12.6632,BIN1_PASS,1
-5,18,18.682,0.5336,6.653,BIN1_PASS,1
-5,19,19.647,0.52401,6.0591,BIN1_PASS,1
-5,20,20.616,0.50897,8.6192,BIN1_PASS,1
-5,21,21.587,0.49899,9.8734,BIN1_PASS,1
-5,22,22.561,0.46813,21.2781,BIN1_PASS,1
-5,23,23.537,0.50277,9.1395,BIN1_PASS,1
-5,24,24.515,0.54213,11.0186,BIN1_PASS,1
-4,-24,24.331,0.58092,6.3914,BIN2_VTH,0
-4,-23,23.345,0.50621,8.6852,BIN1_PASS,1
-4,-22,22.361,0.54631,9.242,BIN1_PASS,1
-4,-21,21.378,0.53006,11.7766,BIN1_PASS,1
-4,-20,20.396,0.51371,7.1072,BIN1_PASS,1
-4,-19,19.416,0.49649,5.4504,BIN1_PASS,1
-4,-18,18.439,0.50814,13.0478,BIN1_PASS,1
-4,-17,17.464,0.52089,7.4084,BIN1_PASS,1
-4,-16,16.492,0.48757,4.7198,BIN1_PASS,1
-4,-15,15.524,0.49834,9.5268,BIN1_PASS,1
-4,-14,14.56,0.50288,8.1508,BIN1_PASS,1
-4,-13,13.601,0.50972,6.2102,BIN1_PASS,1
-4,-12,12.649,0.49337,8.592,BIN1_PASS,1
-4,-11,11.705,0.51492,9.7042,BIN1_PASS,1
-4,-10,10.77,0.49117,6.5383,BIN1_PASS,1
-4,-9,9.849,0.49717,10.0595,BIN1_PASS,1
-4,-8,8.944,0.50683,8.7212,BIN1_PASS,1
-4,-7,8.062,0.50564,10.2879,BIN1_PASS,1
-4,-6,7.211,0.49483,7.4131,BIN1_PASS,1
-4,-5,6.403,0.5331,10.0005,BIN1_PASS,1
-4,-4,5.657,0.52859,7.5798,BIN1_PASS,1
-4,-3,5.0,0.5068,13.9236,BIN1_PASS,1
-4,-2,4.472,0.52756,12.1688,BIN1_PASS,1
-4,-1,4.123,0.50375,13.4223,BIN1_PASS,1
-4,0,4.0,0.49089,9.457,BIN1_PASS,1
-4,1,4.123,0.50749,13.5096,BIN1_PASS,1
-4,2,4.472,0.52562,16.8043,BIN1_PASS,1
-4,3,5.0,0.50784,12.6671,BIN1_PASS,1
-4,4,5.657,0.49066,8.4845,BIN1_PASS,1
-4,5,6.403,0.51447,10.7253,BIN1_PASS,1
-4,6,7.211,0.51463,7.2042,BIN1_PASS,1
-4,7,8.062,0.48667,18.5502,BIN1_PASS,1
-4,8,8.944,0.51474,12.0407,BIN1_PASS,1
-4,9,9.849,0.52639,11.6481,BIN1_PASS,1
-4,10,10.77,0.50989,10.4879,BIN1_PASS,1
-4,11,11.705,0.51219,17.3035,BIN1_PASS,1
-4,12,12.649,0.46979,5.6287,BIN1_PASS,1
-4,13,13.601,0.50567,8.2293,BIN1_PASS,1
-4,14,14.56,0.5062,10.5822,BIN1_PASS,1
-4,15,15.524,0.48589,8.7425,BIN1_PASS,1
-4,16,16.492,0.50927,9.4509,BIN1_PASS,1
-4,17,17.464,0.49098,15.0751,BIN1_PASS,1
-4,18,18.439,0.45175,6.8067,BIN1_PASS,1
-4,19,19.416,0.50981,6.9611,BIN1_PASS,1
-4,20,20.396,0.50829,10.1892,BIN1_PASS,1
-4,21,21.378,0.51361,13.3235,BIN1_PASS,1
-4,22,22.361,0.47499,3.7631,BIN1_PASS,1
-4,23,23.345,0.55854,10.1467,BIN1_PASS,1
-4,24,24.331,0.49446,8.8937,BIN1_PASS,1
-3,-24,24.187,0.47071,10.319,BIN1_PASS,1
-3,-23,23.195,0.49121,10.8581,BIN1_PASS,1
-3,-22,22.204,0.52124,7.4564,BIN1_PASS,1
-3,-21,21.213,0.62444,7.9506,BIN2_VTH,0
-3,-20,20.224,0.46482,5.2456,BIN1_PASS,1
-3,-19,19.235,0.51322,10.954,BIN1_PASS,1
-3,-18,18.248,0.53609,11.5885,BIN1_PASS,1
-3,-17,17.263,0.5019,12.525,BIN1_PASS,1
-3,-16,16.279,0.50511,8.412,BIN1_PASS,1
-3,-15,15.297,0.51194,8.1633,BIN1_PASS,1
-3,-14,14.318,0.52041,11.1979,BIN1_PASS,1
-3,-13,13.342,0.50017,8.2528,BIN1_PASS,1
-3,-12,12.369,0.50379,9.7122,BIN1_PASS,1
-3,-11,11.402,0.51202,7.87,BIN1_PASS,1
-3,-10,10.44,0.49645,8.2246,BIN1_PASS,1
-3,-9,9.487,0.51433,8.0856,BIN1_PASS,1
-3,-8,8.544,0.47546,10.2178,BIN1_PASS,1
-3,-7,7.616,0.50538,6.3113,BIN1_PASS,1
-3,-6,6.708,0.47578,6.3971,BIN1_PASS,1
-3,-5,5.831,0.55131,11.8167,BIN4_RANDOM,0
-3,-4,5.0,0.49365,13.4479,BIN1_PASS,1
-3,-3,4.243,0.49034,6.8188,BIN1_PASS,1
-3,-2,3.606,0.47175,11.9267,BIN1_PASS,1
-3,-1,3.162,0.49906,6.7368,BIN1_PASS,1
-3,0,3.0,0.48672,18.8953,BIN1_PASS,1
-3,1,3.162,0.48576,11.9143,BIN1_PASS,1
-3,2,3.606,0.51869,8.6611,BIN1_PASS,1
-3,3,4.243,0.52933,10.2291,BIN1_PASS,1
-3,4,5.0,0.51416,7.8049,BIN1_PASS,1
-3,5,5.831,0.5059,16.1892,BIN1_PASS,1
-3,6,6.708,0.51135,10.2616,BIN1_PASS,1
-3,7,7.616,0.51039,8.978,BIN1_PASS,1
-3,8,8.544,0.48701,5.3192,BIN4_RANDOM,0
-3,9,9.487,0.50972,8.7569,BIN1_PASS,1
-3,10,10.44,0.47981,7.8081,BIN1_PASS,1
-3,11,11.402,0.47756,6.9519,BIN1_PASS,1
-3,12,12.369,0.51598,5.923,BIN1_PASS,1
-3,13,13.342,0.48254,8.0755,BIN1_PASS,1
-3,14,14.318,0.52599,9.155,BIN1_PASS,1
-3,15,15.297,0.50445,15.7064,BIN1_PASS,1
-3,16,16.279,0.52662,11.145,BIN1_PASS,1
-3,17,17.263,0.50823,9.7692,BIN1_PASS,1
-3,18,18.248,0.48296,9.099,BIN1_PASS,1
-3,19,19.235,0.48245,13.0444,BIN1_PASS,1
-3,20,20.224,0.48188,6.842,BIN1_PASS,1
-3,21,21.213,0.49892,14.9141,BIN1_PASS,1
-3,22,22.204,0.57936,5.7636,BIN1_PASS,1
-3,23,23.195,0.45807,9.9616,BIN1_PASS,1
-3,24,24.187,0.50513,8.5237,BIN1_PASS,1
-2,-24,24.083,0.4884,9.4203,BIN1_PASS,1
-2,-23,23.087,0.48828,9.3976,BIN1_PASS,1
-2,-22,22.091,0.50221,8.7526,BIN1_PASS,1
-2,-21,21.095,0.51401,5.7718,BIN1_PASS,1
-2,-20,20.1,0.5264,14.3079,BIN1_PASS,1
-2,-19,19.105,0.511,9.2692,BIN1_PASS,1
-2,-18,18.111,0.50645,11.0721,BIN1_PASS,1
-2,-17,17.117,0.49167,6.3749,BIN1_PASS,1
-2,-16,16.125,0.47117,9.4858,BIN1_PASS,1
-2,-15,15.133,0.49067,8.575,BIN4_RANDOM,0
-2,-14,14.142,0.49846,9.9494,BIN1_PASS,1
-2,-13,13.153,0.50056,8.0069,BIN1_PASS,1
-2,-12,12.166,0.48505,8.133,BIN1_PASS,1
-2,-11,11.18,0.48689,8.9544,BIN1_PASS,1
-2,-10,10.198,0.51439,8.809,BIN4_RANDOM,0
-2,-9,9.22,0.48579,5.707,BIN1_PASS,1
-2,-8,8.246,0.48445,7.495,BIN1_PASS,1
-2,-7,7.28,0.50887,6.3213,BIN1_PASS,1
-2,-6,6.325,0.48847,13.1433,BIN1_PASS,1
-2,-5,5.385,0.50295,8.9329,BIN1_PASS,1
-2,-4,4.472,0.49329,10.2021,BIN1_PASS,1
-2,-3,3.606,0.52512,8.5828,BIN1_PASS,1
-2,-2,2.828,0.50049,6.9538,BIN1_PASS,1
-2,-1,2.236,0.50183,7.0949,BIN1_PASS,1
-2,0,2.0,0.49062,11.8201,BIN1_PASS,1
-2,1,2.236,0.47751,11.8386,BIN1_PASS,1
-2,2,2.828,0.51087,12.0981,BIN1_PASS,1
-2,3,3.606,0.50364,9.4522,BIN1_PASS,1
-2,4,4.472,0.49252,7.3607,BIN4_RANDOM,0
-2,5,5.385,0.49879,11.0358,BIN1_PASS,1
-2,6,6.325,0.52094,13.1909,BIN1_PASS,1
-2,7,7.28,0.48741,9.087,BIN1_PASS,1
-2,8,8.246,0.48236,12.708,BIN1_PASS,1
-2,9,9.22,0.48268,11.2171,BIN4_RANDOM,0
-2,10,10.198,0.48927,10.6647,BIN1_PASS,1
-2,11,11.18,0.52755,20.672,BIN1_PASS,1
-2,12,12.166,0.46706,13.3551,BIN1_PASS,1
-2,13,13.153,0.49728,17.6781,BIN1_PASS,1
-2,14,14.142,0.51174,9.8433,BIN1_PASS,1
-2,15,15.133,0.5308,10.9583,BIN1_PASS,1
-2,16,16.125,0.51225,16.4741,BIN1_PASS,1
-2,17,17.117,0.50017,8.8422,BIN1_PASS,1
-2,18,18.111,0.47901,9.258,BIN1_PASS,1
-2,19,19.105,0.53011,9.2407,BIN1_PASS,1
-2,20,20.1,0.47908,14.4783,BIN1_PASS,1
-2,21,21.095,0.48297,16.1399,BIN1_PASS,1
-2,22,22.091,0.50664,16.0697,BIN1_PASS,1
-2,23,23.087,0.50987,4.6821,BIN1_PASS,1
-2,24,24.083,0.5109,15.0749,BIN1_PASS,1
-1,-24,24.021,0.51299,12.6613,BIN1_PASS,1
-1,-23,23.022,0.48208,7.4538,BIN1_PASS,1
-1,-22,22.023,0.50113,4.2318,BIN1_PASS,1
-1,-21,21.024,0.49338,7.0746,BIN1_PASS,1
-1,-20,20.025,0.51657,8.8546,BIN1_PASS,1
-1,-19,19.026,0.51486,22.9701,BIN1_PASS,1
-1,-18,18.028,0.48581,8.3986,BIN1_PASS,1
-1,-17,17.029,0.48752,5.7691,BIN1_PASS,1
-1,-16,16.031,0.51753,10.9868,BIN1_PASS,1
-1,-15,15.033,0.49133,17.6753,BIN1_PASS,1
-1,-14,14.036,0.51052,7.2911,BIN1_PASS,1
-1,-13,13.038,0.49151,7.3607,BIN1_PASS,1
-1,-12,12.042,0.51639,16.6866,BIN1_PASS,1
-1,-11,11.045,0.48514,9.3727,BIN1_PASS,1
-1,-10,10.05,0.48821,16.26,BIN1_PASS,1
-1,-9,9.055,0.48375,13.5837,BIN1_PASS,1
-1,-8,8.062,0.51387,9.5186,BIN1_PASS,1
-1,-7,7.071,0.49078,10.664,BIN1_PASS,1
-1,-6,6.083,0.53095,5.3233,BIN1_PASS,1
-1,-5,5.099,0.50198,11.4832,BIN1_PASS,1
-1,-4,4.123,0.51053,12.3561,BIN1_PASS,1
-1,-3,3.162,0.48179,9.4776,BIN1_PASS,1
-1,-2,2.236,0.46643,13.72,BIN1_PASS,1
-1,-1,1.414,0.52137,5.6207,BIN4_RANDOM,0
-1,0,1.0,0.50533,13.8503,BIN1_PASS,1
-1,1,1.414,0.50367,16.8587,BIN1_PASS,1
-1,2,2.236,0.52537,13.5342,BIN1_PASS,1
-1,3,3.162,0.47438,5.6331,BIN1_PASS,1
-1,4,4.123,0.46114,7.0669,BIN1_PASS,1
-1,5,5.099,0.47638,27.8429,BIN1_PASS,1
-1,6,6.083,0.51885,11.1026,BIN1_PASS,1
-1,7,7.071,0.5121,7.5687,BIN1_PASS,1
-1,8,8.062,0.50644,7.3843,BIN1_PASS,1
-1,9,9.055,0.51225,6.3093,BIN1_PASS,1
-1,10,10.05,0.47866,6.5081,BIN1_PASS,1
-1,11,11.045,0.48819,8.2765,BIN1_PASS,1
-1,12,12.042,0.51529,11.3793,BIN1_PASS,1
-1,13,13.038,0.51344,8.0173,BIN1_PASS,1
-1,14,14.036,0.51276,8.2199,BIN1_PASS,1
-1,15,15.033,0.50615,13.3557,BIN1_PASS,1
-1,16,16.031,0.48567,10.5013,BIN1_PASS,1
-1,17,17.029,0.50092,6.6323,BIN1_PASS,1
-1,18,18.028,0.53035,10.1854,BIN1_PASS,1
-1,19,19.026,0.49803,12.449,BIN1_PASS,1
-1,20,20.025,0.49086,12.1076,BIN1_PASS,1
-1,21,21.024,0.51487,6.6354,BIN1_PASS,1
-1,22,22.023,0.50327,9.3805,BIN1_PASS,1
-1,23,23.022,0.55165,7.2789,BIN1_PASS,1
-1,24,24.021,0.48874,11.025,BIN1_PASS,1
0,-25,25.0,0.5059,7.0467,BIN1_PASS,1
0,-24,24.0,0.51967,6.536,BIN1_PASS,1
0,-23,23.0,0.49359,5.7869,BIN1_PASS,1
0,-22,22.0,0.48978,9.4341,BIN1_PASS,1
0,-21,21.0,0.50846,7.8568,BIN1_PASS,1
0,-20,20.0,0.50972,7.8587,BIN1_PASS,1
0,-19,19.0,0.51522,13.4308,BIN1_PASS,1
0,-18,18.0,0.47814,16.9291,BIN1_PASS,1
0,-17,17.0,0.49278,10.2893,BIN1_PASS,1
0,-16,16.0,0.52023,7.1473,BIN1_PASS,1
0,-15,15.0,0.47289,6.2127,BIN1_PASS,1
0,-14,14.0,0.49458,15.0863,BIN1_PASS,1
0,-13,13.0,0.50366,7.9343,BIN1_PASS,1
0,-12,12.0,0.49746,10.2718,BIN1_PASS,1
0,-11,11.0,0.47538,10.2681,BIN1_PASS,1
0,-10,10.0,0.49386,9.5783,BIN1_PASS,1
0,-9,9.0,0.54279,5.092,BIN1_PASS,1
0,-8,8.0,0.50436,7.5635,BIN1_PASS,1
0,-7,7.0,0.51728,8.3707,BIN1_PASS,1
0,-6,6.0,0.51645,14.0537,BIN1_PASS,1
0,-5,5.0,0.51037,14.6486,BIN1_PASS,1
0,-4,4.0,0.45739,11.0422,BIN1_PASS,1
0,-3,3.0,0.47721,5.5406,BIN1_PASS,1
0,-2,2.0,0.50296,7.6901,BIN1_PASS,1
0,-1,1.0,0.48611,9.8456,BIN1_PASS,1
0,0,0.0,0.51547,8.6555,BIN1_PASS,1
0,1,1.0,0.51222,8.2265,BIN1_PASS,1
0,2,2.0,0.50154,10.3962,BIN1_PASS,1
0,3,3.0,0.51685,5.3461,BIN1_PASS,1
0,4,4.0,0.50158,10.7493,BIN1_PASS,1
0,5,5.0,0.49558,10.5285,BIN1_PASS,1
0,6,6.0,0.46498,8.1637,BIN1_PASS,1
0,7,7.0,0.52716,13.5426,BIN1_PASS,1
0,8,8.0,0.50632,5.1884,BIN1_PASS,1
0,9,9.0,0.50275,12.9279,BIN1_PASS,1
0,10,10.0,0.52124,6.8398,BIN1_PASS,1
0,11,11.0,0.53215,11.6122,BIN1_PASS,1
0,12,12.0,0.48813,5.2799,BIN1_PASS,1
0,13,13.0,0.48606,6.1432,BIN1_PASS,1
0,14,14.0,0.49471,8.6354,BIN1_PASS,1
0,15,15.0,0.48898,8.8601,BIN1_PASS,1
0,16,16.0,0.50184,6.6267,BIN1_PASS,1
0,17,17.0,0.51697,9.2167,BIN1_PASS,1
0,18,18.0,0.48928,7.3056,BIN1_PASS,1
0,19,19.0,0.48297,9.1172,BIN1_PASS,1
0,20,20.0,0.50614,5.687,BIN1_PASS,1
0,21,21.0,0.60324,9.2031,BIN2_VTH,0
0,22,22.0,0.57799,11.4109,BIN1_PASS,1
0,23,23.0,0.47283,10.5625,BIN1_PASS,1
0,24,24.0,0.5111,8.9036,BIN1_PASS,1
0,25,25.0,0.51602,8.6203,BIN1_PASS,1
1,-24,24.021,0.48394,10.1806,BIN1_PASS,1
1,-23,23.022,0.4993,12.9488,BIN1_PASS,1
1,-22,22.023,0.56934,6.8491,BIN1_PASS,1
1,-21,21.024,0.57682,14.4602,BIN1_PASS,1
1,-20,20.025,0.49724,9.5042,BIN1_PASS,1
1,-19,19.026,0.50283,8.4206,BIN1_PASS,1
1,-18,18.028,0.52061,11.6024,BIN1_PASS,1
1,-17,17.029,0.52183,12.09,BIN1_PASS,1
1,-16,16.031,0.47692,9.6273,BIN1_PASS,1
1,-15,15.033,0.47174,6.1703,BIN1_PASS,1
1,-14,14.036,0.49374,14.8417,BIN1_PASS,1
1,-13,13.038,0.52673,5.3245,BIN1_PASS,1
1,-12,12.042,0.4799,5.9483,BIN1_PASS,1
1,-11,11.045,0.49628,10.3055,BIN1_PASS,1
1,-10,10.05,0.48963,7.6828,BIN1_PASS,1
1,-9,9.055,0.5213,10.2197,BIN1_PASS,1
1,-8,8.062,0.51137,9.6625,BIN1_PASS,1
1,-7,7.071,0.51513,14.4155,BIN1_PASS,1
1,-6,6.083,0.50752,6.3613,BIN1_PASS,1
1,-5,5.099,0.4917,18.6791,BIN4_RANDOM,0
1,-4,4.123,0.52728,11.5275,BIN1_PASS,1
1,-3,3.162,0.48892,4.5611,BIN1_PASS,1
1,-2,2.236,0.49284,10.3317,BIN1_PASS,1
1,-1,1.414,0.50985,9.065,BIN1_PASS,1
1,0,1.0,0.51414,12.0791,BIN1_PASS,1
1,1,1.414,0.50253,13.0838,BIN1_PASS,1
1,2,2.236,0.51102,9.6141,BIN1_PASS,1
1,3,3.162,0.51424,8.0042,BIN1_PASS,1
1,4,4.123,0.48767,18.2522,BIN1_PASS,1
1,5,5.099,0.51523,9.2124,BIN1_PASS,1
1,6,6.083,0.49284,8.1198,BIN1_PASS,1
1,7,7.071,0.50283,10.3649,BIN1_PASS,1
1,8,8.062,0.49338,6.7666,BIN1_PASS,1
1,9,9.055,0.4893,18.8982,BIN1_PASS,1
1,10,10.05,0.48128,8.9874,BIN1_PASS,1
1,11,11.045,0.52327,8.6259,BIN1_PASS,1
1,12,12.042,0.46419,16.1106,BIN1_PASS,1
1,13,13.038,0.50333,9.5523,BIN1_PASS,1
1,14,14.036,0.52388,8.5588,BIN1_PASS,1
1,15,15.033,0.48751,7.8141,BIN1_PASS,1
1,16,16.031,0.4955,7.3474,BIN1_PASS,1
1,17,17.029,0.4899,5.7799,BIN1_PASS,1
1,18,18.028,0.524,11.1744,BIN1_PASS,1
1,19,19.026,0.51423,10.4697,BIN1_PASS,1
1,20,20.025,0.49273,8.9591,BIN1_PASS,1
1,21,21.024,0.51839,13.7059,BIN1_PASS,1
1,22,22.023,0.49203,15.1374,BIN1_PASS,1
1,23,23.022,0.59035,9.1296,BIN2_VTH,0
1,24,24.021,0.5067,6.6739,BIN1_PASS,1
2,-24,24.083,0.50415,9.4588,BIN1_PASS,1
2,-23,23.087,0.48432,8.3871,BIN1_PASS,1
2,-22,22.091,0.60407,8.7858,BIN2_VTH,0
2,-21,21.095,0.50271,20.2206,BIN1_PASS,1
2,-20,20.1,0.4944,13.4894,BIN1_PASS,1
2,-19,19.105,0.47583,8.2667,BIN4_RANDOM,0
2,-18,18.111,0.47547,12.112,BIN1_PASS,1
2,-17,17.117,0.51167,9.2748,BIN1_PASS,1
2,-16,16.125,0.47746,11.791,BIN1_PASS,1
2,-15,15.133,0.51508,7.8732,BIN1_PASS,1
2,-14,14.142,0.47241,10.9744,BIN1_PASS,1
2,-13,13.153,0.48988,10.9655,BIN1_PASS,1
2,-12,12.166,0.50638,4.3195,BIN1_PASS,1
2,-11,11.18,0.49713,10.9167,BIN1_PASS,1
2,-10,10.198,0.49063,15.6196,BIN1_PASS,1
2,-9,9.22,0.49919,8.5261,BIN1_PASS,1
2,-8,8.246,0.51578,15.5522,BIN1_PASS,1
2,-7,7.28,0.48405,9.2672,BIN1_PASS,1
2,-6,6.325,0.51551,7.9122,BIN1_PASS,1
2,-5,5.385,0.49544,4.2504,BIN1_PASS,1
2,-4,4.472,0.50098,26.1412,BIN1_PASS,1
2,-3,3.606,0.52688,7.8081,BIN1_PASS,1
2,-2,2.828,0.43647,10.2452,BIN1_PASS,1
2,-1,2.236,0.52242,8.6577,BIN1_PASS,1
2,0,2.0,0.52971,15.1448,BIN1_PASS,1
2,1,2.236,0.48043,12.2681,BIN1_PASS,1
2,2,2.828,0.49897,15.8568,BIN1_PASS,1
2,3,3.606,0.50141,8.9615,BIN1_PASS,1
2,4,4.472,0.50245,18.224,BIN1_PASS,1
2,5,5.385,0.48155,11.336,BIN1_PASS,1
2,6,6.325,0.47646,9.9786,BIN1_PASS,1
2,7,7.28,0.48413,7.3717,BIN1_PASS,1
2,8,8.246,0.48279,17.7565,BIN1_PASS,1
2,9,9.22,0.50349,10.8952,BIN1_PASS,1
2,10,10.198,0.49377,11.091,BIN1_PASS,1
2,11,11.18,0.51074,10.2381,BIN1_PASS,1
2,12,12.166,0.50576,10.8727,BIN1_PASS,1
2,13,13.153,0.48427,16.5664,BIN1_PASS,1
2,14,14.142,0.51988,11.1578,BIN1_PASS,1
2,15,15.133,0.53382,7.7377,BIN1_PASS,1
2,16,16.125,0.49838,8.1028,BIN1_PASS,1
2,17,17.117,0.49293,10.2669,BIN1_PASS,1
2,18,18.111,0.50265,9.6626,BIN1_PASS,1
2,19,19.105,0.4968,20.8655,BIN1_PASS,1
2,20,20.1,0.51127,8.6033,BIN1_PASS,1
2,21,21.095,0.62297,14.6216,BIN2_VTH,0
2,22,22.091,0.54717,9.6745,BIN1_PASS,1
2,23,23.087,0.4963,5.3659,BIN1_PASS,1
2,24,24.083,0.593,4.7269,BIN2_VTH,0
3,-24,24.187,0.49126,12.8621,BIN1_PASS,1
3,-23,23.195,0.48687,5.1787,BIN1_PASS,1
3,-22,22.204,0.49502,19.5187,BIN1_PASS,1
3,-21,21.213,0.47798,6.7434,BIN1_PASS,1
3,-20,20.224,0.50082,6.6948,BIN1_PASS,1
3,-19,19.235,0.52901,9.2003,BIN1_PASS,1
3,-18,18.248,0.47466,6.0976,BIN1_PASS,1
3,-17,17.263,0.53368,15.4852,BIN1_PASS,1
3,-16,16.279,0.49377,6.2381,BIN1_PASS,1
3,-15,15.297,0.50129,6.0764,BIN1_PASS,1
3,-14,14.318,0.49308,11.9795,BIN1_PASS,1
3,-13,13.342,0.54945,16.6202,BIN1_PASS,1
3,-12,12.369,0.48175,13.3478,BIN1_PASS,1
3,-11,11.402,0.48554,9.9662,BIN1_PASS,1
3,-10,10.44,0.47856,9.7526,BIN1_PASS,1
3,-9,9.487,0.51931,8.1823,BIN1_PASS,1
3,-8,8.544,0.51128,5.4663,BIN1_PASS,1
3,-7,7.616,0.50171,45.8627,BIN3_LEAKAGE,0
3,-6,6.708,0.52321,68.6941,BIN3_LEAKAGE,0
3,-5,5.831,0.52219,12.6552,BIN1_PASS,1
3,-4,5.0,0.47977,9.5237,BIN1_PASS,1
3,-3,4.243,0.48468,6.5076,BIN1_PASS,1
3,-2,3.606,0.50303,4.4529,BIN1_PASS,1
3,-1,3.162,0.48703,12.1226,BIN1_PASS,1
3,0,3.0,0.50576,9.8966,BIN1_PASS,1
3,1,3.162,0.50973,14.2583,BIN1_PASS,1
3,2,3.606,0.50536,9.1913,BIN1_PASS,1
3,3,4.243,0.49607,8.7197,BIN1_PASS,1
3,4,5.0,0.4835,9.8806,BIN1_PASS,1
3,5,5.831,0.49731,19.1136,BIN1_PASS,1
3,6,6.708,0.5203,7.3657,BIN1_PASS,1
3,7,7.616,0.49394,6.7978,BIN1_PASS,1
3,8,8.544,0.4884,13.6444,BIN1_PASS,1
3,9,9.487,0.49778,20.4627,BIN1_PASS,1
3,10,10.44,0.50332,10.8379,BIN1_PASS,1
3,11,11.402,0.49656,9.8143,BIN1_PASS,1
3,12,12.369,0.52168,9.3493,BIN1_PASS,1
3,13,13.342,0.51441,7.2991,BIN1_PASS,1
3,14,14.318,0.52897,9.2017,BIN1_PASS,1
3,15,15.297,0.52411,7.0694,BIN1_PASS,1
3,16,16.279,0.50187,13.7157,BIN1_PASS,1
3,17,17.263,0.50082,6.825,BIN1_PASS,1
3,18,18.248,0.48518,12.8258,BIN1_PASS,1
3,19,19.235,0.46905,9.4902,BIN1_PASS,1
3,20,20.224,0.52255,7.2918,BIN1_PASS,1
3,21,21.213,0.49496,9.2628,BIN1_PASS,1
3,22,22.204,0.52477,7.4059,BIN1_PASS,1
3,23,23.195,0.47984,11.8818,BIN1_PASS,1
3,24,24.187,0.4947,8.7263,BIN1_PASS,1
4,-24,24.331,0.50606,11.0496,BIN1_PASS,1
4,-23,23.345,0.51962,7.9759,BIN1_PASS,1
4,-22,22.361,0.47804,8.7442,BIN1_PASS,1
4,-21,21.378,0.4722,8.56,BIN1_PASS,1
4,-20,20.396,0.50977,14.8127,BIN1_PASS,1
4,-19,19.416,0.49856,7.1226,BIN1_PASS,1
4,-18,18.439,0.49889,10.2211,BIN1_PASS,1
4,-17,17.464,0.50412,11.2847,BIN1_PASS,1
4,-16,16.492,0.48563,11.7285,BIN1_PASS,1
4,-15,15.524,0.48948,6.4485,BIN1_PASS,1
4,-14,14.56,0.50337,12.7096,BIN1_PASS,1
4,-13,13.601,0.51292,5.7803,BIN1_PASS,1
4,-12,12.649,0.52635,7.1065,BIN1_PASS,1
4,-11,11.705,0.4941,7.3266,BIN1_PASS,1
4,-10,10.77,0.49672,8.2778,BIN1_PASS,1
4,-9,9.849,0.50047,72.2708,BIN3_LEAKAGE,0
4,-8,8.944,0.49608,54.3253,BIN3_LEAKAGE,0
4,-7,8.062,0.48,9.8339,BIN4_RANDOM,0
4,-6,7.211,0.48233,8.7247,BIN1_PASS,1
4,-5,6.403,0.49654,61.4027,BIN3_LEAKAGE,0
4,-4,5.657,0.51124,54.6524,BIN3_LEAKAGE,0
4,-3,5.0,0.47148,8.6372,BIN1_PASS,1
4,-2,4.472,0.51557,9.7426,BIN1_PASS,1
4,-1,4.123,0.52663,8.829,BIN1_PASS,1
4,0,4.0,0.49166,7.9898,BIN1_PASS,1
4,1,4.123,0.51551,9.9139,BIN1_PASS,1
4,2,4.472,0.52619,8.3058,BIN1_PASS,1
4,3,5.0,0.48739,10.0978,BIN1_PASS,1
4,4,5.657,0.48358,8.9628,BIN1_PASS,1
4,5,6.403,0.50276,6.2534,BIN1_PASS,1
4,6,7.211,0.53216,14.4322,BIN1_PASS,1
4,7,8.062,0.51119,15.8454,BIN1_PASS,1
4,8,8.944,0.51339,10.554,BIN1_PASS,1
4,9,9.849,0.48837,10.9194,BIN1_PASS,1
4,10,10.77,0.50658,4.3143,BIN1_PASS,1
4,11,11.705,0.49921,10.2682,BIN1_PASS,1
4,12,12.649,0.53148,7.6598,BIN1_PASS,1
4,13,13.601,0.50056,4.3675,BIN1_PASS,1
4,14,14.56,0.49925,10.0203,BIN1_PASS,1
4,15,15.524,0.49628,7.4546,BIN1_PASS,1
4,16,16.492,0.50616,8.237,BIN1_PASS,1
4,17,17.464,0.51984,6.5874,BIN1_PASS,1
4,18,18.439,0.45865,7.469,BIN1_PASS,1
4,19,19.416,0.49225,11.9685,BIN1_PASS,1
4,20,20.396,0.48954,7.0857,BIN1_PASS,1
4,21,21.378,0.4929,8.8167,BIN1_PASS,1
4,22,22.361,0.52701,10.9879,BIN1_PASS,1
4,23,23.345,0.50692,12.8508,BIN1_PASS,1
4,24,24.331,0.4869,8.6028,BIN1_PASS,1
5,-24,24.515,0.48941,7.9349,BIN1_PASS,1
5,-23,23.537,0.54833,11.2648,BIN1_PASS,1
5,-22,22.561,0.48811,10.1938,BIN1_PASS,1
5,-21,21.587,0.47556,9.29,BIN1_PASS,1
5,-20,20.616,0.51149,27.8198,BIN1_PASS,1
5,-19,19.647,0.48921,23.6731,BIN1_PASS,1
5,-18,18.682,0.51316,13.0262,BIN1_PASS,1
5,-17,17.72,0.51658,7.8122,BIN1_PASS,1
5,-16,16.763,0.4873,7.0077,BIN1_PASS,1
5,-15,15.811,0.47841,6.2709,BIN1_PASS,1
5,-14,14.866,0.53452,7.4793,BIN1_PASS,1
5,-13,13.928,0.48863,7.5617,BIN1_PASS,1
5,-12,13.0,0.50818,9.5143,BIN1_PASS,1
5,-11,12.083,0.52158,8.5478,BIN1_PASS,1
5,-10,11.18,0.46377,98.4953,BIN3_LEAKAGE,0
5,-9,10.296,0.50096,8.6263,BIN1_PASS,1
5,-8,9.434,0.49395,7.0689,BIN1_PASS,1
5,-7,8.602,0.4894,9.6339,BIN1_PASS,1
5,-6,7.81,0.47894,80.4457,BIN3_LEAKAGE,0
5,-5,7.071,0.51153,165.5109,BIN3_LEAKAGE,0
5,-4,6.403,0.51735,6.386,BIN1_PASS,1
5,-3,5.831,0.5272,14.1631,BIN1_PASS,1
5,-2,5.385,0.48542,7.1545,BIN1_PASS,1
5,-1,5.099,0.49957,9.9706,BIN4_RANDOM,0
5,0,5.0,0.46129,13.9388,BIN1_PASS,1
5,1,5.099,0.50296,7.5759,BIN1_PASS,1
5,2,5.385,0.48919,15.9755,BIN1_PASS,1
5,3,5.831,0.5089,11.4191,BIN1_PASS,1
5,4,6.403,0.50473,6.3358,BIN1_PASS,1
5,5,7.071,0.51052,8.9561,BIN1_PASS,1
5,6,7.81,0.49795,7.6999,BIN1_PASS,1
5,7,8.602,0.5466,14.3829,BIN1_PASS,1
5,8,9.434,0.49021,7.6001,BIN1_PASS,1
5,9,10.296,0.49477,7.3495,BIN1_PASS,1
5,10,11.18,0.50937,6.5675,BIN1_PASS,1
5,11,12.083,0.48701,10.7965,BIN1_PASS,1
5,12,13.0,0.51771,5.9142,BIN1_PASS,1
5,13,13.928,0.45791,11.8635,BIN1_PASS,1
5,14,14.866,0.52409,8.9126,BIN1_PASS,1
5,15,15.811,0.47891,10.0065,BIN1_PASS,1
5,16,16.763,0.50529,7.2835,BIN1_PASS,1
5,17,17.72,0.49561,13.6442,BIN1_PASS,1
5,18,18.682,0.49643,14.2976,BIN1_PASS,1
5,19,19.647,0.48825,5.8065,BIN1_PASS,1
5,20,20.616,0.57309,5.878,BIN1_PASS,1
5,21,21.587,0.59471,13.1667,BIN2_VTH,0
5,22,22.561,0.51895,10.9622,BIN1_PASS,1
5,23,23.537,0.50019,11.1435,BIN1_PASS,1
5,24,24.515,0.53701,10.3979,BIN1_PASS,1
6,-24,24.739,0.50278,12.2738,BIN1_PASS,1
6,-23,23.77,0.48175,7.8963,BIN1_PASS,1
6,-22,22.804,0.5024,8.5304,BIN1_PASS,1
6,-21,21.84,0.51837,9.2901,BIN1_PASS,1
6,-20,20.881,0.52385,7.8681,BIN1_PASS,1
6,-19,19.925,0.50536,6.4403,BIN1_PASS,1
6,-18,18.974,0.53407,9.831,BIN1_PASS,1
6,-17,18.028,0.50007,13.2056,BIN1_PASS,1
6,-16,17.088,0.51012,10.6429,BIN1_PASS,1
6,-15,16.155,0.51417,12.5164,BIN1_PASS,1
6,-14,15.232,0.49727,7.8567,BIN1_PASS,1
6,-13,14.318,0.49391,12.2017,BIN1_PASS,1
6,-12,13.416,0.49212,96.7247,BIN3_LEAKAGE,0
6,-11,12.53,0.53714,8.6908,BIN1_PASS,1
6,-10,11.662,0.47748,48.0219,BIN3_LEAKAGE,0
6,-9,10.817,0.49057,73.282,BIN3_LEAKAGE,0
6,-8,10.0,0.48372,11.941,BIN1_PASS,1
6,-7,9.22,0.50778,94.8669,BIN3_LEAKAGE,0
6,-6,8.485,0.49637,13.9414,BIN1_PASS,1
6,-5,7.81,0.50915,36.4938,BIN3_LEAKAGE,0
6,-4,7.211,0.49007,93.187,BIN3_LEAKAGE,0
6,-3,6.708,0.51456,8.1742,BIN1_PASS,1
6,-2,6.325,0.51232,39.4527,BIN3_LEAKAGE,0
6,-1,6.083,0.5215,17.8801,BIN1_PASS,1
6,0,6.0,0.51902,16.9963,BIN1_PASS,1
6,1,6.083,0.52776,5.9295,BIN1_PASS,1
6,2,6.325,0.48637,5.2258,BIN1_PASS,1
6,3,6.708,0.47989,9.7686,BIN1_PASS,1
6,4,7.211,0.48484,6.5156,BIN1_PASS,1
6,5,7.81,0.52026,6.2097,BIN1_PASS,1
6,6,8.485,0.47055,8.9012,BIN1_PASS,1
6,7,9.22,0.50352,10.1558,BIN1_PASS,1
6,8,10.0,0.49688,9.0699,BIN1_PASS,1
6,9,10.817,0.50582,8.5229,BIN1_PASS,1
6,10,11.662,0.4941,17.5897,BIN1_PASS,1
6,11,12.53,0.4845,13.573,BIN1_PASS,1
6,12,13.416,0.52931,11.6007,BIN1_PASS,1
6,13,14.318,0.55155,11.1477,BIN4_RANDOM,0
6,14,15.232,0.48668,6.2664,BIN1_PASS,1
6,15,16.155,0.49131,10.3255,BIN1_PASS,1
6,16,17.088,0.50336,9.0089,BIN1_PASS,1
6,17,18.028,0.49809,7.9403,BIN1_PASS,1
6,18,18.974,0.5039,4.6696,BIN1_PASS,1
6,19,19.925,0.50585,18.6237,BIN1_PASS,1
6,20,20.881,0.50264,7.0184,BIN1_PASS,1
6,21,21.84,0.5467,8.5332,BIN1_PASS,1
6,22,22.804,0.50612,8.543,BIN1_PASS,1
6,23,23.77,0.51044,5.8572,BIN1_PASS,1
6,24,24.739,0.59394,5.8102,BIN2_VTH,0
7,-24,25.0,0.48585,8.4406,BIN1_PASS,1
7,-23,24.042,0.53239,11.226,BIN1_PASS,1
7,-22,23.087,0.49153,11.4624,BIN4_RANDOM,0
7,-21,22.136,0.49317,10.6442,BIN1_PASS,1
7,-20,21.19,0.5218,7.3209,BIN1_PASS,1
7,-19,20.248,0.5,11.0897,BIN1_PASS,1
7,-18,19.313,0.4719,9.6248,BIN1_PASS,1
7,-17,18.385,0.51078,13.3987,BIN1_PASS,1
7,-16,17.464,0.49405,8.8124,BIN1_PASS,1
7,-15,16.553,0.50442,9.5925,BIN1_PASS,1
7,-14,15.652,0.52112,14.9553,BIN1_PASS,1
7,-13,14.765,0.51983,10.0701,BIN1_PASS,1
7,-12,13.892,0.46477,12.3861,BIN4_RANDOM,0
7,-11,13.038,0.4722,8.8938,BIN1_PASS,1
7,-10,12.207,0.50986,10.4174,BIN1_PASS,1
7,-9,11.402,0.50316,65.4703,BIN3_LEAKAGE,0
7,-8,10.63,0.50383,4.4555,BIN1_PASS,1
7,-7,9.899,0.51606,9.01,BIN1_PASS,1
7,-6,9.22,0.51566,11.4202,BIN1_PASS,1
7,-5,8.602,0.47911,41.2208,BIN3_LEAKAGE,0
7,-4,8.062,0.50687,93.3953,BIN3_LEAKAGE,0
7,-3,7.616,0.47422,10.7563,BIN1_PASS,1
7,-2,7.28,0.48537,71.4779,BIN3_LEAKAGE,0
7,-1,7.071,0.48935,6.9694,BIN1_PASS,1
7,0,7.0,0.49898,5.7269,BIN1_PASS,1
7,1,7.071,0.50038,9.4669,BIN1_PASS,1
7,2,7.28,0.49179,12.2635,BIN1_PASS,1
7,3,7.616,0.48074,7.7316,BIN1_PASS,1
7,4,8.062,0.4999,13.523,BIN1_PASS,1
7,5,8.602,0.532,6.2647,BIN1_PASS,1
7,6,9.22,0.52156,5.6162,BIN1_PASS,1
7,7,9.899,0.50981,13.0097,BIN1_PASS,1
7,8,10.63,0.52638,4.3385,BIN1_PASS,1
7,9,11.402,0.5088,11.4928,BIN1_PASS,1
7,10,12.207,0.52002,5.9225,BIN1_PASS,1
7,11,13.038,0.49764,8.1185,BIN1_PASS,1
7,12,13.892,0.50356,12.7316,BIN1_PASS,1
7,13,14.765,0.4981,9.296,BIN1_PASS,1
7,14,15.652,0.50969,7.7904,BIN1_PASS,1
7,15,16.553,0.47665,7.9525,BIN1_PASS,1
7,16,17.464,0.49759,10.0847,BIN1_PASS,1
7,17,18.385,0.47252,5.9231,BIN1_PASS,1
7,18,19.313,0.49887,7.5199,BIN1_PASS,1
7,19,20.248,0.47825,9.1738,BIN1_PASS,1
7,20,21.19,0.49241,10.3344,BIN1_PASS,1
7,21,22.136,0.51262,11.6682,BIN1_PASS,1
7,22,23.087,0.50279,6.1201,BIN1_PASS,1
7,23,24.042,0.49558,6.7552,BIN1_PASS,1
7,24,25.0,0.51737,9.5954,BIN1_PASS,1
8,-23,24.352,0.45919,16.0284,BIN1_PASS,1
8,-22,23.409,0.48573,12.9594,BIN1_PASS,1
8,-21,22.472,0.5638,7.0769,BIN1_PASS,1
8,-20,21.541,0.5474,9.8495,BIN1_PASS,1
8,-19,20.616,0.5013,5.7454,BIN1_PASS,1
8,-18,19.698,0.47201,11.7823,BIN1_PASS,1
8,-17,18.788,0.49493,12.3626,BIN1_PASS,1
8,-16,17.889,0.4892,12.3554,BIN1_PASS,1
8,-15,17.0,0.47534,12.7782,BIN1_PASS,1
8,-14,16.125,0.50816,13.7462,BIN1_PASS,1
8,-13,15.264,0.50954,4.9811,BIN1_PASS,1
8,-12,14.422,0.48755,38.7682,BIN3_LEAKAGE,0
8,-11,13.601,0.51459,4.6467,BIN4_RANDOM,0
8,-10,12.806,0.49376,112.6269,BIN3_LEAKAGE,0
8,-9,12.042,0.52224,57.3501,BIN3_LEAKAGE,0
8,-8,11.314,0.46371,8.563,BIN1_PASS,1
8,-7,10.63,0.50018,77.93,BIN3_LEAKAGE,0
8,-6,10.0,0.51749,124.1011,BIN3_LEAKAGE,0
8,-5,9.434,0.46768,82.8913,BIN3_LEAKAGE,0
8,-4,8.944,0.51784,84.5937,BIN3_LEAKAGE,0
8,-3,8.544,0.48044,51.7853,BIN3_LEAKAGE,0
8,-2,8.246,0.47351,5.0609,BIN1_PASS,1
8,-1,8.062,0.53537,9.4781,BIN1_PASS,1
8,0,8.0,0.50934,9.1843,BIN1_PASS,1
8,1,8.062,0.51046,6.1269,BIN1_PASS,1
8,2,8.246,0.44758,16.7245,BIN1_PASS,1
8,3,8.544,0.47738,7.5198,BIN1_PASS,1
8,4,8.944,0.51984,12.3049,BIN1_PASS,1
8,5,9.434,0.5174,13.3007,BIN1_PASS,1
8,6,10.0,0.53312,10.6095,BIN1_PASS,1
8,7,10.63,0.49161,7.6632,BIN1_PASS,1
8,8,11.314,0.48794,6.8795,BIN1_PASS,1
8,9,12.042,0.48535,10.1951,BIN1_PASS,1
8,10,12.806,0.47922,8.3338,BIN1_PASS,1
8,11,13.601,0.50303,14.232,BIN1_PASS,1
8,12,14.422,0.48585,13.7512,BIN1_PASS,1
8,13,15.264,0.47872,10.0098,BIN1_PASS,1
8,14,16.125,0.49045,7.7997,BIN1_PASS,1
8,15,17.0,0.5152,15.8303,BIN1_PASS,1
8,16,17.889,0.5089,11.3238,BIN1_PASS,1
8,17,18.788,0.50206,5.9167,BIN1_PASS,1
8,18,19.698,0.52238,10.271,BIN4_RANDOM,0
8,19,20.616,0.49816,9.694,BIN1_PASS,1
8,20,21.541,0.4925,9.0114,BIN1_PASS,1
8,21,22.472,0.47579,5.6361,BIN1_PASS,1
8,22,23.409,0.53724,10.4595,BIN1_PASS,1
8,23,24.352,0.4836,6.9267,BIN1_PASS,1
9,-23,24.698,0.51099,7.9902,BIN1_PASS,1
9,-22,23.77,0.49387,10.423,BIN1_PASS,1
9,-21,22.847,0.57293,11.8488,BIN1_PASS,1
9,-20,21.932,0.49745,14.9385,BIN1_PASS,1
9,-19,21.024,0.49561,9.2665,BIN1_PASS,1
9,-18,20.125,0.51046,10.6422,BIN1_PASS,1
9,-17,19.235,0.49136,8.906,BIN1_PASS,1
9,-16,18.358,0.50705,11.952,BIN1_PASS,1
9,-15,17.493,0.51406,10.4454,BIN1_PASS,1
9,-14,16.643,0.49146,10.6085,BIN1_PASS,1
9,-13,15.811,0.53128,11.215,BIN1_PASS,1
9,-12,15.0,0.49134,87.4993,BIN3_LEAKAGE,0
9,-11,14.213,0.49124,69.0566,BIN3_LEAKAGE,0
9,-10,13.454,0.52769,9.3247,BIN1_PASS,1
9,-9,12.728,0.5104,61.9942,BIN3_LEAKAGE,0
9,-8,12.042,0.48933,131.1138,BIN3_LEAKAGE,0
9,-7,11.402,0.54799,23.0706,BIN1_PASS,1
9,-6,10.817,0.49565,5.5704,BIN1_PASS,1
9,-5,10.296,0.47369,161.9686,BIN3_LEAKAGE,0
9,-4,9.849,0.48342,6.567,BIN1_PASS,1
9,-3,9.487,0.49831,5.3678,BIN1_PASS,1
9,-2,9.22,0.49369,40.6967,BIN3_LEAKAGE,0
9,-1,9.055,0.49486,6.7497,BIN1_PASS,1
9,0,9.0,0.47981,6.0675,BIN1_PASS,1
9,1,9.055,0.48425,17.6012,BIN1_PASS,1
9,2,9.22,0.49036,7.5071,BIN1_PASS,1
9,3,9.487,0.49199,12.193,BIN1_PASS,1
9,4,9.849,0.4896,6.5253,BIN1_PASS,1
9,5,10.296,0.49673,10.6571,BIN4_RANDOM,0
9,6,10.817,0.46746,10.9798,BIN1_PASS,1
9,7,11.402,0.50244,9.5449,BIN1_PASS,1
9,8,12.042,0.5276,8.525,BIN1_PASS,1
9,9,12.728,0.48452,6.9365,BIN1_PASS,1
9,10,13.454,0.51746,8.4038,BIN1_PASS,1
9,11,14.213,0.52773,9.7311,BIN1_PASS,1
9,12,15.0,0.48919,12.8256,BIN1_PASS,1
9,13,15.811,0.49953,13.1321,BIN1_PASS,1
9,14,16.643,0.50128,10.182,BIN1_PASS,1
9,15,17.493,0.47693,10.5987,BIN1_PASS,1
9,16,18.358,0.48855,11.5745,BIN1_PASS,1
9,17,19.235,0.50348,18.923,BIN1_PASS,1
9,18,20.125,0.51055,10.1307,BIN1_PASS,1
9,19,21.024,0.49272,11.3938,BIN1_PASS,1
9,20,21.932,0.49217,10.2973,BIN1_PASS,1
9,21,22.847,0.55767,9.3437,BIN1_PASS,1
9,22,23.77,0.5254,5.6686,BIN1_PASS,1
9,23,24.698,0.50651,18.1981,BIN4_RANDOM,0
10,-22,24.166,0.51861,14.0415,BIN1_PASS,1
10,-21,23.259,0.45815,13.0799,BIN1_PASS,1
10,-20,22.361,0.51806,11.4803,BIN1_PASS,1
10,-19,21.471,0.50255,10.7351,BIN1_PASS,1
10,-18,20.591,0.49788,10.3874,BIN1_PASS,1
10,-17,19.723,0.48898,9.5672,BIN1_PASS,1
10,-16,18.868,0.50736,9.8948,BIN1_PASS,1
10,-15,18.028,0.52801,5.241,BIN1_PASS,1
10,-14,17.205,0.48923,18.4501,BIN1_PASS,1
10,-13,16.401,0.50445,9.5613,BIN1_PASS,1
10,-12,15.62,0.49544,8.9316,BIN1_PASS,1
10,-11,14.866,0.52479,49.0403,BIN3_LEAKAGE,0
10,-10,14.142,0.5084,6.649,BIN1_PASS,1
10,-9,13.454,0.49108,11.0776,BIN1_PASS,1
10,-8,12.806,0.49007,7.1069,BIN1_PASS,1
10,-7,12.207,0.49581,32.1507,BIN1_PASS,1
10,-6,11.662,0.46488,108.4588,BIN3_LEAKAGE,0
10,-5,11.18,0.50975,47.3125,BIN3_LEAKAGE,0
10,-4,10.77,0.51528,46.7727,BIN3_LEAKAGE,0
10,-3,10.44,0.46304,21.3043,BIN1_PASS,1
10,-2,10.198,0.50742,3.6787,BIN1_PASS,1
10,-1,10.05,0.50037,10.3701,BIN1_PASS,1
10,0,10.0,0.49303,4.7393,BIN1_PASS,1
10,1,10.05,0.51364,14.302,BIN1_PASS,1
10,2,10.198,0.46807,11.1648,BIN1_PASS,1
10,3,10.44,0.49514,19.9709,BIN1_PASS,1
10,4,10.77,0.50094,10.3024,BIN1_PASS,1
10,5,11.18,0.48532,12.0815,BIN1_PASS,1
10,6,11.662,0.49336,19.9672,BIN1_PASS,1
10,7,12.207,0.49378,7.9968,BIN1_PASS,1
10,8,12.806,0.54198,8.6697,BIN1_PASS,1
10,9,13.454,0.48784,6.9367,BIN1_PASS,1
10,10,14.142,0.52872,9.7703,BIN1_PASS,1
10,11,14.866,0.54221,12.6469,BIN1_PASS,1
10,12,15.62,0.49714,12.5401,BIN1_PASS,1
10,13,16.401,0.47681,16.5165,BIN1_PASS,1
10,14,17.205,0.48621,6.7013,BIN1_PASS,1
10,15,18.028,0.53281,11.2452,BIN1_PASS,1
10,16,18.868,0.54146,9.5209,BIN4_RANDOM,0
10,17,19.723,0.51441,11.6809,BIN1_PASS,1
10,18,20.591,0.5094,10.1337,BIN1_PASS,1
10,19,21.471,0.49295,10.1717,BIN1_PASS,1
10,20,22.361,0.50966,8.0578,BIN1_PASS,1
10,21,23.259,0.57278,14.3731,BIN1_PASS,1
10,22,24.166,0.49898,7.8321,BIN1_PASS,1
11,-22,24.597,0.52936,7.9151,BIN1_PASS,1
11,-21,23.707,0.51276,7.43,BIN1_PASS,1
11,-20,22.825,0.5573,10.7538,BIN1_PASS,1
11,-19,21.954,0.45763,8.5924,BIN1_PASS,1
11,-18,21.095,0.58301,13.4414,BIN2_VTH,0
11,-17,20.248,0.5114,13.0928,BIN4_RANDOM,0
11,-16,19.416,0.49007,12.3462,BIN1_PASS,1
11,-15,18.601,0.49379,12.5929,BIN1_PASS,1
11,-14,17.804,0.48631,8.9998,BIN1_PASS,1
11,-13,17.029,0.48049,8.4714,BIN1_PASS,1
11,-12,16.279,0.52493,11.5315,BIN1_PASS,1
11,-11,15.556,0.4901,8.2318,BIN1_PASS,1
11,-10,14.866,0.47356,10.3737,BIN1_PASS,1
11,-9,14.213,0.53877,38.0958,BIN4_RANDOM,0
11,-8,13.601,0.49925,15.3646,BIN1_PASS,1
11,-7,13.038,0.48183,71.4022,BIN3_LEAKAGE,0
11,-6,12.53,0.49778,57.3237,BIN3_LEAKAGE,0
11,-5,12.083,0.49321,77.3716,BIN3_LEAKAGE,0
11,-4,11.705,0.49666,47.9924,BIN3_LEAKAGE,0
11,-3,11.402,0.48895,8.0862,BIN1_PASS,1
11,-2,11.18,0.52363,11.2395,BIN1_PASS,1
11,-1,11.045,0.48471,11.5234,BIN1_PASS,1
11,0,11.0,0.53212,6.4598,BIN1_PASS,1
11,1,11.045,0.47961,11.1832,BIN1_PASS,1
11,2,11.18,0.509,10.2876,BIN1_PASS,1
11,3,11.402,0.52154,5.9495,BIN1_PASS,1
11,4,11.705,0.49351,8.5954,BIN1_PASS,1
11,5,12.083,0.50575,6.7314,BIN1_PASS,1
11,6,12.53,0.5002,8.0646,BIN1_PASS,1
11,7,13.038,0.48729,12.6105,BIN1_PASS,1
11,8,13.601,0.49138,10.1085,BIN1_PASS,1
11,9,14.213,0.52361,7.3042,BIN1_PASS,1
11,10,14.866,0.52865,5.5868,BIN1_PASS,1
11,11,15.556,0.49581,10.5468,BIN1_PASS,1
11,12,16.279,0.48515,6.3756,BIN1_PASS,1
11,13,17.029,0.49701,7.4447,BIN1_PASS,1
11,14,17.804,0.49668,9.736,BIN1_PASS,1
11,15,18.601,0.50794,6.4574,BIN1_PASS,1
11,16,19.416,0.49797,6.5802,BIN1_PASS,1
11,17,20.248,0.51116,11.7076,BIN1_PASS,1
11,18,21.095,0.4861,9.6906,BIN1_PASS,1
11,19,21.954,0.49831,12.3729,BIN1_PASS,1
11,20,22.825,0.48083,7.9339,BIN1_PASS,1
11,21,23.707,0.52637,5.2992,BIN1_PASS,1
11,22,24.597,0.52359,18.944,BIN1_PASS,1
12,-21,24.187,0.51807,8.1547,BIN1_PASS,1
12,-20,23.324,0.4839,19.6246,BIN1_PASS,1
12,-19,22.472,0.52048,6.1657,BIN1_PASS,1
12,-18,21.633,0.59582,12.9858,BIN2_VTH,0
12,-17,20.809,0.5099,6.9832,BIN1_PASS,1
12,-16,20.0,0.47693,6.2105,BIN1_PASS,1
12,-15,19.209,0.52466,6.8914,BIN1_PASS,1
12,-14,18.439,0.51505,18.1937,BIN1_PASS,1
12,-13,17.692,0.4694,4.7392,BIN1_PASS,1
12,-12,16.971,0.50793,7.0033,BIN1_PASS,1
12,-11,16.279,0.5117,6.7651,BIN1_PASS,1
12,-10,15.62,0.471,43.1246,BIN3_LEAKAGE,0
12,-9,15.0,0.49029,106.2251,BIN3_LEAKAGE,0
12,-8,14.422,0.53901,15.6233,BIN1_PASS,1
12,-7,13.892,0.491,89.935,BIN3_LEAKAGE,0
12,-6,13.416,0.50013,8.1906,BIN1_PASS,1
12,-5,13.0,0.46705,51.9532,BIN3_LEAKAGE,0
12,-4,12.649,0.50408,75.6649,BIN3_LEAKAGE,0
12,-3,12.369,0.49305,9.6108,BIN1_PASS,1
12,-2,12.166,0.49184,9.2607,BIN4_RANDOM,0
12,-1,12.042,0.50183,8.9094,BIN1_PASS,1
12,0,12.0,0.46106,5.9168,BIN1_PASS,1
12,1,12.042,0.50638,10.6568,BIN1_PASS,1
12,2,12.166,0.50604,12.3595,BIN1_PASS,1
12,3,12.369,0.50608,10.1411,BIN1_PASS,1
12,4,12.649,0.50883,7.0264,BIN1_PASS,1
12,5,13.0,0.50334,5.0537,BIN1_PASS,1
12,6,13.416,0.47255,11.9676,BIN1_PASS,1
12,7,13.892,0.49795,13.1664,BIN1_PASS,1
12,8,14.422,0.52719,13.4079,BIN1_PASS,1
12,9,15.0,0.51716,6.3583,BIN1_PASS,1
12,10,15.62,0.5186,17.9443,BIN1_PASS,1
12,11,16.279,0.53298,10.0171,BIN1_PASS,1
12,12,16.971,0.51117,10.9148,BIN1_PASS,1
12,13,17.692,0.51216,13.3734,BIN1_PASS,1
12,14,18.439,0.48938,11.9815,BIN1_PASS,1
12,15,19.209,0.46754,5.956,BIN1_PASS,1
12,16,20.0,0.53361,9.9248,BIN1_PASS,1
12,17,20.809,0.49671,9.8143,BIN1_PASS,1
12,18,21.633,0.48524,12.8487,BIN1_PASS,1
12,19,22.472,0.50013,10.6705,BIN1_PASS,1
12,20,23.324,0.52879,6.5674,BIN1_PASS,1
12,21,24.187,0.50395,6.008,BIN1_PASS,1
13,-21,24.698,0.57131,16.0119,BIN1_PASS,1
13,-20,23.854,0.51752,8.0508,BIN1_PASS,1
13,-19,23.022,0.47397,9.8561,BIN1_PASS,1
13,-18,22.204,0.50445,6.7533,BIN1_PASS,1
13,-17,21.401,0.485,8.1363,BIN1_PASS,1
13,-16,20.616,0.50375,10.3678,BIN1_PASS,1
13,-15,19.849,0.50689,7.0295,BIN1_PASS,1
13,-14,19.105,0.51875,11.5532,BIN1_PASS,1
13,-13,18.385,0.4958,4.8455,BIN1_PASS,1
13,-12,17.692,0.50264,11.2543,BIN1_PASS,1
13,-11,17.029,0.53509,18.3534,BIN1_PASS,1
13,-10,16.401,0.49843,9.2457,BIN1_PASS,1
13,-9,15.811,0.48111,8.1989,BIN1_PASS,1
13,-8,15.264,0.45903,79.273,BIN3_LEAKAGE,0
13,-7,14.765,0.4908,51.1814,BIN3_LEAKAGE,0
13,-6,14.318,0.5008,66.5479,BIN3_LEAKAGE,0
13,-5,13.928,0.49378,7.6936,BIN1_PASS,1
13,-4,13.601,0.48524,8.6309,BIN1_PASS,1
13,-3,13.342,0.47046,8.4574,BIN1_PASS,1
13,-2,13.153,0.49535,8.9992,BIN1_PASS,1
13,-1,13.038,0.49688,8.961,BIN1_PASS,1
13,0,13.0,0.4957,6.7843,BIN1_PASS,1
13,1,13.038,0.50504,9.5651,BIN1_PASS,1
13,2,13.153,0.49092,6.5465,BIN1_PASS,1
13,3,13.342,0.52019,11.1866,BIN1_PASS,1
13,4,13.601,0.49929,5.4331,BIN1_PASS,1
13,5,13.928,0.4986,9.2776,BIN1_PASS,1
13,6,14.318,0.49337,8.5612,BIN1_PASS,1
13,7,14.765,0.5245,10.3318,BIN1_PASS,1
13,8,15.264,0.52301,15.0325,BIN1_PASS,1
13,9,15.811,0.50101,13.2147,BIN1_PASS,1
13,10,16.401,0.47824,12.0558,BIN4_RANDOM,0
13,11,17.029,0.50826,5.9117,BIN1_PASS,1
13,12,17.692,0.48337,4.2868,BIN1_PASS,1
13,13,18.385,0.49819,9.726,BIN1_PASS,1
13,14,19.105,0.50544,5.7685,BIN1_PASS,1
13,15,19.849,0.4973,7.2303,BIN1_PASS,1
13,16,20.616,0.48929,7.0624,BIN1_PASS,1
13,17,21.401,0.49479,15.2945,BIN1_PASS,1
13,18,22.204,0.51688,10.7028,BIN1_PASS,1
13,19,23.022,0.52303,10.2598,BIN1_PASS,1
13,20,23.854,0.51637,15.4544,BIN1_PASS,1
13,21,24.698,0.53405,8.0734,BIN1_PASS,1
14,-20,24.413,0.49728,13.037,BIN1_PASS,1
14,-19,23.601,0.50725,10.046,BIN1_PASS,1
14,-18,22.804,0.5181,7.0136,BIN1_PASS,1
14,-17,22.023,0.50709,4.1329,BIN1_PASS,1
14,-16,21.26,0.51378,9.8833,BIN1_PASS,1
14,-15,20.518,0.52107,9.355,BIN1_PASS,1
14,-14,19.799,0.49942,8.7806,BIN1_PASS,1
14,-13,19.105,0.50042,21.4716,BIN1_PASS,1
14,-12,18.439,0.51741,13.3819,BIN1_PASS,1
14,-11,17.804,0.49114,11.2489,BIN1_PASS,1
14,-10,17.205,0.51531,10.7078,BIN1_PASS,1
14,-9,16.643,0.51464,5.5369,BIN1_PASS,1
14,-8,16.125,0.49085,7.45,BIN1_PASS,1
14,-7,15.652,0.51474,11.1317,BIN1_PASS,1
14,-6,15.232,0.49327,9.6859,BIN1_PASS,1
14,-5,14.866,0.49204,6.732,BIN1_PASS,1
14,-4,14.56,0.49442,20.3455,BIN1_PASS,1
14,-3,14.318,0.50431,9.0561,BIN1_PASS,1
14,-2,14.142,0.49088,7.9399,BIN1_PASS,1
14,-1,14.036,0.53146,16.0271,BIN1_PASS,1
14,0,14.0,0.51179,13.9006,BIN1_PASS,1
14,1,14.036,0.50159,7.8874,BIN1_PASS,1
14,2,14.142,0.49422,14.2898,BIN1_PASS,1
14,3,14.318,0.49308,8.9057,BIN1_PASS,1
14,4,14.56,0.46765,12.1717,BIN1_PASS,1
14,5,14.866,0.48054,12.0781,BIN1_PASS,1
14,6,15.232,0.51348,13.1744,BIN1_PASS,1
14,7,15.652,0.48725,17.3082,BIN1_PASS,1
14,8,16.125,0.47969,9.4728,BIN1_PASS,1
14,9,16.643,0.46122,7.6108,BIN1_PASS,1
14,10,17.205,0.49351,8.8044,BIN1_PASS,1
14,11,17.804,0.46783,12.5251,BIN1_PASS,1
14,12,18.439,0.50401,9.3997,BIN1_PASS,1
14,13,19.105,0.4778,14.4812,BIN1_PASS,1
14,14,19.799,0.51845,12.6131,BIN1_PASS,1
14,15,20.518,0.49867,9.5413,BIN1_PASS,1
14,16,21.26,0.50443,9.4027,BIN1_PASS,1
14,17,22.023,0.51969,7.6632,BIN1_PASS,1
14,18,22.804,0.49783,13.7283,BIN1_PASS,1
14,19,23.601,0.51545,8.9347,BIN1_PASS,1
14,20,24.413,0.48228,8.8667,BIN1_PASS,1
15,-20,25.0,0.472,7.7881,BIN1_PASS,1
15,-19,24.207,0.49978,10.8117,BIN1_PASS,1
15,-18,23.431,0.46648,9.0779,BIN1_PASS,1
15,-17,22.672,0.55741,10.2899,BIN1_PASS,1
15,-16,21.932,0.48333,8.009,BIN1_PASS,1
15,-15,21.213,0.47448,9.2272,BIN1_PASS,1
15,-14,20.518,0.49074,11.1271,BIN1_PASS,1
15,-13,19.849,0.52273,9.7128,BIN1_PASS,1
15,-12,19.209,0.50595,13.6064,BIN1_PASS,1
15,-11,18.601,0.50765,8.9775,BIN1_PASS,1
15,-10,18.028,0.48987,11.5406,BIN1_PASS,1
15,-9,17.493,0.52371,18.5174,BIN1_PASS,1
15,-8,17.0,0.51095,10.44,BIN1_PASS,1
15,-7,16.553,0.48746,8.1847,BIN1_PASS,1
15,-6,16.155,0.51553,9.5153,BIN1_PASS,1
15,-5,15.811,0.46851,9.4241,BIN1_PASS,1
15,-4,15.524,0.49404,11.3708,BIN1_PASS,1
15,-3,15.297,0.453,13.6895,BIN1_PASS,1
15,-2,15.133,0.48969,9.8999,BIN1_PASS,1
15,-1,15.033,0.48826,8.2717,BIN1_PASS,1
15,0,15.0,0.50563,7.2386,BIN1_PASS,1
15,1,15.033,0.48863,5.7149,BIN1_PASS,1
15,2,15.133,0.51272,6.913,BIN1_PASS,1
15,3,15.297,0.51809,3.945,BIN1_PASS,1
15,4,15.524,0.51931,8.9751,BIN1_PASS,1
15,5,15.811,0.52339,9.3695,BIN1_PASS,1
15,6,16.155,0.51846,10.6171,BIN1_PASS,1
15,7,16.553,0.50167,6.0316,BIN1_PASS,1
15,8,17.0,0.48641,11.3364,BIN1_PASS,1
15,9,17.493,0.51551,7.0589,BIN1_PASS,1
15,10,18.028,0.49586,9.596,BIN1_PASS,1
15,11,18.601,0.50619,10.7253,BIN1_PASS,1
15,12,19.209,0.47058,5.1668,BIN1_PASS,1
15,13,19.849,0.46871,9.4578,BIN1_PASS,1
15,14,20.518,0.50003,9.0744,BIN1_PASS,1
15,15,21.213,0.49129,10.1937,BIN1_PASS,1
15,16,21.932,0.49818,6.3163,BIN1_PASS,1
15,17,22.672,0.49838,7.207,BIN1_PASS,1
15,18,23.431,0.49755,9.8854,BIN1_PASS,1
15,19,24.207,0.4987,8.4151,BIN1_PASS,1
15,20,25.0,0.5761,10.101,BIN1_PASS,1
16,-19,24.839,0.55409,7.8684,BIN1_PASS,1
16,-18,24.083,0.56863,10.3576,BIN1_PASS,1
16,-17,23.345,0.4962,10.4523,BIN1_PASS,1
16,-16,22.627,0.52598,5.1958,BIN1_PASS,1
16,-15,21.932,0.57619,6.1185,BIN1_PASS,1
16,-14,21.26,0.48377,13.1139,BIN1_PASS,1
16,-13,20.616,0.46799,8.7606,BIN1_PASS,1
16,-12,20.0,0.50042,14.2604,BIN1_PASS,1
16,-11,19.416,0.48326,7.596,BIN1_PASS,1
16,-10,18.868,0.50144,10.1713,BIN1_PASS,1
16,-9,18.358,0.49707,18.1291,BIN1_PASS,1
16,-8,17.889,0.52275,7.0297,BIN1_PASS,1
16,-7,17.464,0.53421,6.1885,BIN1_PASS,1
16,-6,17.088,0.49484,8.5639,BIN1_PASS,1
16,-5,16.763,0.50202,7.1439,BIN1_PASS,1
16,-4,16.492,0.50644,7.9486,BIN1_PASS,1
16,-3,16.279,0.48009,16.3807,BIN1_PASS,1
16,-2,16.125,0.47805,7.4569,BIN1_PASS,1
16,-1,16.031,0.48621,9.664,BIN1_PASS,1
16,0,16.0,0.52658,10.3312,BIN1_PASS,1
16,1,16.031,0.48779,16.3104,BIN1_PASS,1
16,2,16.125,0.49828,8.253,BIN1_PASS,1
16,3,16.279,0.48638,10.2024,BIN1_PASS,1
16,4,16.492,0.51438,11.4797,BIN1_PASS,1
16,5,16.763,0.51736,11.2785,BIN1_PASS,1
16,6,17.088,0.51382,12.6861,BIN1_PASS,1
16,7,17.464,0.51312,12.1936,BIN1_PASS,1
16,8,17.889,0.50073,8.5859,BIN1_PASS,1
16,9,18.358,0.49703,7.4484,BIN1_PASS,1
16,10,18.868,0.50317,7.5869,BIN1_PASS,1
16,11,19.416,0.47676,14.1343,BIN1_PASS,1
16,12,20.0,0.47238,10.3326,BIN1_PASS,1
16,13,20.616,0.47037,9.6061,BIN1_PASS,1
16,14,21.26,0.4924,7.5012,BIN4_RANDOM,0
16,15,21.932,0.51233,6.4675,BIN4_RANDOM,0
16,16,22.627,0.5452,10.4934,BIN1_PASS,1
16,17,23.345,0.56911,8.0129,BIN1_PASS,1
16,18,24.083,0.57044,11.2247,BIN1_PASS,1
16,19,24.839,0.49964,14.5821,BIN1_PASS,1
17,-18,24.759,0.50064,9.4955,BIN1_PASS,1
17,-17,24.042,0.50902,10.7834,BIN1_PASS,1
17,-16,23.345,0.46505,15.5564,BIN1_PASS,1
17,-15,22.672,0.51149,6.9569,BIN1_PASS,1
17,-14,22.023,0.54631,8.9234,BIN1_PASS,1
17,-13,21.401,0.45059,5.7379,BIN1_PASS,1
17,-12,20.809,0.48769,9.7845,BIN1_PASS,1
17,-11,20.248,0.53307,10.4019,BIN1_PASS,1
17,-10,19.723,0.47607,7.368,BIN1_PASS,1
17,-9,19.235,0.49518,9.1743,BIN1_PASS,1
17,-8,18.788,0.54524,8.6783,BIN1_PASS,1
17,-7,18.385,0.48651,17.8861,BIN1_PASS,1
17,-6,18.028,0.48222,9.2662,BIN1_PASS,1
17,-5,17.72,0.53071,4.6345,BIN1_PASS,1
17,-4,17.464,0.47652,12.92,BIN1_PASS,1
17,-3,17.263,0.48125,15.8505,BIN1_PASS,1
17,-2,17.117,0.48396,14.0102,BIN1_PASS,1
17,-1,17.029,0.47727,10.5848,BIN1_PASS,1
17,0,17.0,0.48873,6.1251,BIN1_PASS,1
17,1,17.029,0.53699,13.8131,BIN1_PASS,1
17,2,17.117,0.51556,6.0679,BIN1_PASS,1
17,3,17.263,0.51255,8.9812,BIN1_PASS,1
17,4,17.464,0.52513,10.0738,BIN1_PASS,1
17,5,17.72,0.46775,12.8972,BIN1_PASS,1
17,6,18.028,0.50271,8.4737,BIN1_PASS,1
17,7,18.385,0.50005,12.8596,BIN1_PASS,1
17,8,18.788,0.52203,6.5462,BIN1_PASS,1
17,9,19.235,0.53249,11.1901,BIN1_PASS,1
17,10,19.723,0.51515,8.232,BIN1_PASS,1
17,11,20.248,0.47891,10.6775,BIN1_PASS,1
17,12,20.809,0.49147,12.1841,BIN1_PASS,1
17,13,21.401,0.57863,13.0318,BIN1_PASS,1
17,14,22.023,0.50489,7.991,BIN1_PASS,1
17,15,22.672,0.57717,16.8394,BIN1_PASS,1
17,16,23.345,0.51785,10.0492,BIN1_PASS,1
17,17,24.042,0.55928,8.2556,BIN1_PASS,1
17,18,24.759,0.50366,8.193,BIN1_PASS,1
18,-17,24.759,0.51704,10.2007,BIN1_PASS,1
18,-16,24.083,0.48321,6.5994,BIN1_PASS,1
18,-15,23.431,0.45563,8.6878,BIN1_PASS,1
18,-14,22.804,0.51218,7.7052,BIN1_PASS,1
18,-13,22.204,0.49193,9.7022,BIN1_PASS,1
18,-12,21.633,0.59223,9.3259,BIN2_VTH,0
18,-11,21.095,0.60359,10.9181,BIN2_VTH,0
18,-10,20.591,0.48683,10.4494,BIN1_PASS,1
18,-9,20.125,0.51485,10.661,BIN1_PASS,1
18,-8,19.698,0.52359,7.7495,BIN1_PASS,1
18,-7,19.313,0.52356,10.3298,BIN1_PASS,1
18,-6,18.974,0.54575,10.3381,BIN1_PASS,1
18,-5,18.682,0.51141,5.0558,BIN1_PASS,1
18,-4,18.439,0.51215,12.7784,BIN1_PASS,1
18,-3,18.248,0.49349,5.5961,BIN1_PASS,1
18,-2,18.111,0.50195,10.0194,BIN1_PASS,1
18,-1,18.028,0.49947,8.9842,BIN1_PASS,1
18,0,18.0,0.50554,7.8087,BIN1_PASS,1
18,1,18.028,0.50205,5.077,BIN1_PASS,1
18,2,18.111,0.48021,6.241,BIN1_PASS,1
18,3,18.248,0.47833,8.1598,BIN1_PASS,1
18,4,18.439,0.49006,4.8026,BIN1_PASS,1
18,5,18.682,0.48473,11.8289,BIN1_PASS,1
18,6,18.974,0.4899,9.1776,BIN1_PASS,1
18,7,19.313,0.50972,10.3303,BIN1_PASS,1
18,8,19.698,0.49527,9.8478,BIN4_RANDOM,0
18,9,20.125,0.48747,7.5275,BIN1_PASS,1
18,10,20.591,0.49137,9.4571,BIN1_PASS,1
18,11,21.095,0.51956,10.7602,BIN1_PASS,1
18,12,21.633,0.48176,6.6305,BIN1_PASS,1
18,13,22.204,0.4941,11.9008,BIN1_PASS,1
18,14,22.804,0.51261,7.7555,BIN1_PASS,1
18,15,23.431,0.50137,3.7377,BIN1_PASS,1
18,16,24.083,0.48885,6.8256,BIN1_PASS,1
18,17,24.759,0.48258,15.1916,BIN1_PASS,1
19,-16,24.839,0.51203,10.5413,BIN1_PASS,1
19,-15,24.207,0.54638,7.1711,BIN1_PASS,1
19,-14,23.601,0.50877,12.299,BIN1_PASS,1
19,-13,23.022,0.58342,9.4816,BIN2_VTH,0
19,-12,22.472,0.46833,7.9654,BIN1_PASS,1
19,-11,21.954,0.48698,6.8343,BIN1_PASS,1
19,-10,21.471,0.47093,6.6493,BIN1_PASS,1
19,-9,21.024,0.50478,7.5014,BIN1_PASS,1
19,-8,20.616,0.45776,13.0718,BIN1_PASS,1
19,-7,20.248,0.5158,10.2712,BIN1_PASS,1
19,-6,19.925,0.50994,11.9347,BIN1_PASS,1
19,-5,19.647,0.48341,7.1011,BIN1_PASS,1
19,-4,19.416,0.51238,10.1189,BIN1_PASS,1
19,-3,19.235,0.52543,6.9035,BIN1_PASS,1
19,-2,19.105,0.52396,9.4501,BIN1_PASS,1
19,-1,19.026,0.53676,6.8734,BIN1_PASS,1
19,0,19.0,0.52584,11.0015,BIN1_PASS,1
19,1,19.026,0.52173,7.2711,BIN1_PASS,1
19,2,19.105,0.50082,12.444,BIN1_PASS,1
19,3,19.235,0.52282,6.1434,BIN1_PASS,1
19,4,19.416,0.50076,10.0804,BIN1_PASS,1
19,5,19.647,0.52276,12.4801,BIN1_PASS,1
19,6,19.925,0.50103,5.5631,BIN1_PASS,1
19,7,20.248,0.48695,8.2833,BIN1_PASS,1
19,8,20.616,0.51237,11.0086,BIN1_PASS,1
19,9,21.024,0.55694,8.066,BIN1_PASS,1
19,10,21.471,0.50894,6.5632,BIN1_PASS,1
19,11,21.954,0.48907,14.0882,BIN1_PASS,1
19,12,22.472,0.52381,11.2549,BIN1_PASS,1
19,13,23.022,0.48752,12.1577,BIN1_PASS,1
19,14,23.601,0.5014,5.2406,BIN1_PASS,1
19,15,24.207,0.47267,5.6441,BIN1_PASS,1
19,16,24.839,0.48025,11.6541,BIN1_PASS,1
20,-15,25.0,0.48746,8.4039,BIN1_PASS,1
20,-14,24.413,0.53795,3.5945,BIN1_PASS,1
20,-13,23.854,0.57422,12.0525,BIN1_PASS,1
20,-12,23.324,0.47516,8.726,BIN1_PASS,1
20,-11,22.825,0.49616,4.7302,BIN1_PASS,1
20,-10,22.361,0.5647,5.9626,BIN1_PASS,1
20,-9,21.932,0.52474,10.3423,BIN1_PASS,1
20,-8,21.541,0.4927,13.4276,BIN1_PASS,1
20,-7,21.19,0.48631,11.3476,BIN1_PASS,1
20,-6,20.881,0.56173,8.9763,BIN1_PASS,1
20,-5,20.616,0.55309,15.2098,BIN1_PASS,1
20,-4,20.396,0.49971,6.5302,BIN1_PASS,1
20,-3,20.224,0.50441,21.0425,BIN1_PASS,1
20,-2,20.1,0.49589,11.1939,BIN1_PASS,1
20,-1,20.025,0.4825,7.412,BIN1_PASS,1
20,0,20.0,0.49803,10.6785,BIN1_PASS,1
20,1,20.025,0.48354,22.2145,BIN1_PASS,1
20,2,20.1,0.48814,10.2725,BIN1_PASS,1
20,3,20.224,0.49438,7.3123,BIN1_PASS,1
20,4,20.396,0.51456,12.5832,BIN1_PASS,1
20,5,20.616,0.54574,10.8569,BIN1_PASS,1
20,6,20.881,0.59818,7.981,BIN2_VTH,0
20,7,21.19,0.49765,16.4224,BIN1_PASS,1
20,8,21.541,0.5827,15.1231,BIN2_VTH,0
20,9,21.932,0.48985,7.1131,BIN1_PASS,1
20,10,22.361,0.53285,10.4665,BIN1_PASS,1
20,11,22.825,0.50623,8.5662,BIN1_PASS,1
20,12,23.324,0.51173,12.0055,BIN1_PASS,1
20,13,23.854,0.50216,6.7698,BIN1_PASS,1
20,14,24.413,0.49243,10.9726,BIN1_PASS,1
20,15,25.0,0.55935,7.8594,BIN1_PASS,1
21,-13,24.698,0.49035,12.8789,BIN1_PASS,1
21,-12,24.187,0.49912,3.3901,BIN1_PASS,1
21,-11,23.707,0.48087,10.4419,BIN1_PASS,1
21,-10,23.259,0.47628,13.6648,BIN1_PASS,1
21,-9,22.847,0.61567,12.696,BIN2_VTH,0
21,-8,22.472,0.50894,14.5278,BIN1_PASS,1
21,-7,22.136,0.5033,7.7322,BIN1_PASS,1
21,-6,21.84,0.51604,4.8172,BIN1_PASS,1
21,-5,21.587,0.57333,9.9697,BIN1_PASS,1
21,-4,21.378,0.52923,4.7137,BIN1_PASS,1
21,-3,21.213,0.49033,11.8141,BIN1_PASS,1
21,-2,21.095,0.50886,11.1349,BIN1_PASS,1
21,-1,21.024,0.48764,13.6256,BIN1_PASS,1
21,0,21.0,0.51648,5.3936,BIN1_PASS,1
21,1,21.024,0.50032,6.5819,BIN1_PASS,1
21,2,21.095,0.4686,7.7645,BIN1_PASS,1
21,3,21.213,0.51783,17.238,BIN1_PASS,1
21,4,21.378,0.50113,10.7016,BIN1_PASS,1
21,5,21.587,0.48544,14.3409,BIN1_PASS,1
21,6,21.84,0.4951,8.8147,BIN1_PASS,1
21,7,22.136,0.49506,6.2287,BIN1_PASS,1
21,8,22.472,0.4922,14.8999,BIN1_PASS,1
21,9,22.847,0.5951,13.1116,BIN2_VTH,0
21,10,23.259,0.53459,11.2839,BIN1_PASS,1
21,11,23.707,0.50686,8.9918,BIN1_PASS,1
21,12,24.187,0.48202,7.2887,BIN1_PASS,1
21,13,24.698,0.54889,7.8116,BIN1_PASS,1
22,-11,24.597,0.49349,8.8895,BIN1_PASS,1
22,-10,24.166,0.59379,11.7608,BIN2_VTH,0
22,-9,23.77,0.49588,10.4055,BIN1_PASS,1
22,-8,23.409,0.48928,9.2211,BIN1_PASS,1
22,-7,23.087,0.49901,13.6983,BIN1_PASS,1
22,-6,22.804,0.51221,20.9149,BIN1_PASS,1
22,-5,22.561,0.49322,11.6465,BIN4_RANDOM,0
22,-4,22.361,0.48554,8.4831,BIN1_PASS,1
22,-3,22.204,0.58297,11.828,BIN2_VTH,0
22,-2,22.091,0.49112,5.5668,BIN1_PASS,1
22,-1,22.023,0.53677,13.0214,BIN4_RANDOM,0
22,0,22.0,0.50098,10.516,BIN1_PASS,1
22,1,22.023,0.5028,10.1536,BIN1_PASS,1
22,2,22.091,0.48542,8.9859,BIN1_PASS,1
22,3,22.204,0.49013,9.4969,BIN1_PASS,1
22,4,22.361,0.50661,11.017,BIN1_PASS,1
22,5,22.561,0.56779,11.5276,BIN1_PASS,1
22,6,22.804,0.5052,4.9029,BIN1_PASS,1
22,7,23.087,0.48825,11.396,BIN1_PASS,1
22,8,23.409,0.4957,8.2791,BIN1_PASS,1
22,9,23.77,0.52643,12.9392,BIN1_PASS,1
22,10,24.166,0.47735,10.9719,BIN1_PASS,1
22,11,24.597,0.56787,9.5333,BIN1_PASS,1
23,-9,24.698,0.4937,7.3912,BIN1_PASS,1
23,-8,24.352,0.48938,7.4457,BIN1_PASS,1
23,-7,24.042,0.5077,6.9394,BIN1_PASS,1
23,-6,23.77,0.6393,13.3053,BIN2_VTH,0
23,-5,23.537,0.61452,4.3486,BIN2_VTH,0
23,-4,23.345,0.49676,8.8164,BIN1_PASS,1
23,-3,23.195,0.52904,8.5638,BIN1_PASS,1
23,-2,23.087,0.5819,7.5236,BIN2_VTH,0
23,-1,23.022,0.49102,7.3302,BIN1_PASS,1
23,0,23.0,0.56205,18.8827,BIN1_PASS,1
23,1,23.022,0.48458,5.658,BIN1_PASS,1
23,2,23.087,0.48971,6.3853,BIN1_PASS,1
23,3,23.195,0.49939,11.0294,BIN1_PASS,1
23,4,23.345,0.55927,9.3956,BIN1_PASS,1
23,5,23.537,0.59502,15.2827,BIN2_VTH,0
23,6,23.77,0.52948,11.4224,BIN1_PASS,1
23,7,24.042,0.51307,7.1453,BIN1_PASS,1
23,8,24.352,0.48269,5.8089,BIN1_PASS,1
23,9,24.698,0.47925,10.8542,BIN1_PASS,1
24,-7,25.0,0.60093,11.4922,BIN2_VTH,0
24,-6,24.739,0.50803,4.4416,BIN1_PASS,1
24,-5,24.515,0.50953,8.5081,BIN1_PASS,1
24,-4,24.331,0.47774,15.8294,BIN1_PASS,1
24,-3,24.187,0.50379,11.5804,BIN4_RANDOM,0
24,-2,24.083,0.5757,7.8922,BIN1_PASS,1
24,-1,24.021,0.60492,13.592,BIN2_VTH,0
24,0,24.0,0.50082,11.1701,BIN1_PASS,1
24,1,24.021,0.5471,11.3709,BIN1_PASS,1
24,2,24.083,0.51759,11.5851,BIN1_PASS,1
24,3,24.187,0.49643,10.7879,BIN1_PASS,1
24,4,24.331,0.51578,10.9051,BIN1_PASS,1
24,5,24.515,0.50575,3.9285,BIN1_PASS,1
24,6,24.739,0.5759,8.7889,BIN1_PASS,1
24,7,25.0,0.47956,13.0612,BIN1_PASS,1
25,0,25.0,0.47728,19.1696,BIN1_PASS,1
